-- phpMyAdmin SQL Dump
-- version 4.5.1
-- http://www.phpmyadmin.net
--
-- Host: 127.0.0.1
-- Generation Time: May 05, 2017 at 04:31 PM
-- Server version: 10.1.10-MariaDB
-- PHP Version: 7.0.4

SET SQL_MODE = "NO_AUTO_VALUE_ON_ZERO";
SET time_zone = "+00:00";


/*!40101 SET @OLD_CHARACTER_SET_CLIENT=@@CHARACTER_SET_CLIENT */;
/*!40101 SET @OLD_CHARACTER_SET_RESULTS=@@CHARACTER_SET_RESULTS */;
/*!40101 SET @OLD_COLLATION_CONNECTION=@@COLLATION_CONNECTION */;
/*!40101 SET NAMES utf8mb4 */;

--
-- Database: `councilelections`
--

-- --------------------------------------------------------

--
-- Table structure for table `atolls`
--

CREATE TABLE `atolls` (
  `id` int(10) UNSIGNED NOT NULL,
  `name` varchar(191) COLLATE utf8mb4_unicode_ci NOT NULL,
  `reg_no` varchar(191) COLLATE utf8mb4_unicode_ci NOT NULL,
  `english_atoll_name_long` varchar(191) COLLATE utf8mb4_unicode_ci NOT NULL,
  `english_atoll_name_short` varchar(191) COLLATE utf8mb4_unicode_ci NOT NULL,
  `english_official_atoll_name` varchar(191) COLLATE utf8mb4_unicode_ci NOT NULL,
  `dhivehi_atoll_name_long` varchar(191) COLLATE utf8mb4_unicode_ci NOT NULL,
  `dhivehi_atoll_name_short` varchar(191) COLLATE utf8mb4_unicode_ci NOT NULL,
  `dhivehi_official_atoll_name` varchar(191) COLLATE utf8mb4_unicode_ci NOT NULL,
  `created_at` timestamp NULL DEFAULT NULL,
  `updated_at` timestamp NULL DEFAULT NULL
) ENGINE=InnoDB DEFAULT CHARSET=utf8mb4 COLLATE=utf8mb4_unicode_ci;

--
-- Dumping data for table `atolls`
--

INSERT INTO `atolls` (`id`, `name`, `reg_no`, `english_atoll_name_long`, `english_atoll_name_short`, `english_official_atoll_name`, `dhivehi_atoll_name_long`, `dhivehi_atoll_name_short`, `dhivehi_official_atoll_name`, `created_at`, `updated_at`) VALUES
(1, 'A', 'A', 'Haa Alif', 'HA', 'Thiladhunmathi Uthuruburi', '?? ??????', '??', '???????????? ??????????', NULL, NULL),
(2, 'B', 'B', 'Haa Dhaalu', 'HDh', 'Thiladhunmathi Dhekunuburi', '?? ????', '??', '???????????? ??????????', NULL, NULL),
(3, 'C', 'C', 'Shaviyani', 'Sh', 'Miladhunmadulu Uthuruburi', '????????', '?', '?????????????? ??????????', NULL, NULL),
(4, 'D', 'D', 'Noonu', 'N', 'Miladhunmadulu Dhekunuburi', '????', '?', '?????????????? ??????????', NULL, NULL),
(5, 'E', 'E', 'Raa', 'R', 'Maalhosmadulu Uthuruburi', '??', '?', '???????????? ??????????', NULL, NULL),
(6, 'F', 'F', 'Baa', 'B', 'Maalhosmadulu Dhekunuburi', '??', '?', '???????????? ??????????', NULL, NULL),
(7, 'G', 'G', 'Lhaviyani', 'Lh', 'Faadhippolhu', '????????', '?', '??????????', NULL, NULL),
(8, 'H', 'H', 'Kaafu', 'K', 'Mal? Atholhu', '????', '?', '???? ??????', NULL, NULL),
(9, 'U', 'U', 'Alif Alif', 'AA', 'Ari Atholhu Uthuruburi', '?????? ??????', '??', '?????????? ??????????', NULL, NULL),
(10, 'I', 'I', 'Alif Dhaal', 'Adh', 'Ari Atholhu Dhekunuburi', '?????? ????', '??', '?????????? ??????????', NULL, NULL),
(11, 'J', 'J', 'Vaavu', 'V', 'Felidhu Atholhu', '????', '?', '?????? ??????', NULL, NULL),
(12, 'K', 'K', 'Meemu', 'M', 'Mulak Atholhu', '????', '?', '?????? ??????', NULL, NULL),
(13, 'L', 'L', 'Faafu', 'F', 'Nilandhe Atholhu Uthuruburi', '????', '?', '???????? ?????? ??????????', NULL, NULL),
(14, 'M', 'M', 'Dhaalu', 'Dh', 'Nilandhe Atholhu Dhekunuburi', '????', '?', '???????? ?????? ??????????', NULL, NULL),
(15, 'N', 'N', 'Thaa', 'Th', 'Kolhumadulu', '??', '?', '??????????', NULL, NULL),
(16, 'O', 'O', 'Laamu', 'L', 'Haddhunmathi', '????', '?', '????????????', NULL, NULL),
(17, 'P', 'P', 'Gaafu Alif', 'GA', 'Huvadhu Atholhu Uthuruburi', '???? ??????', '??', '?????? ?????? ??????????', NULL, NULL),
(18, 'Q', 'Q', 'Gaafu Dhaalu', 'GDh', 'Huvadhu Atholhu Dhekunuburi', '???? ????', '??', '?????? ?????? ??????????', NULL, NULL),
(19, 'R', 'R', 'Gnaviyani', 'Gn', 'Fuvahmulah', '????????', '?', '????????????', NULL, NULL),
(20, 'S', 'S', 'Seenu', 'S', 'Addu City', '????', '?', '?????? ????', NULL, NULL),
(21, 'T', 'T', 'Male''', 'Male''', 'Male'' City', '????', '', '???? ????', NULL, NULL);

-- --------------------------------------------------------

--
-- Table structure for table `atoll_councils`
--

CREATE TABLE `atoll_councils` (
  `id` int(10) UNSIGNED NOT NULL,
  `atoll_id` int(11) NOT NULL,
  `created_at` timestamp NULL DEFAULT NULL,
  `updated_at` timestamp NULL DEFAULT NULL
) ENGINE=InnoDB DEFAULT CHARSET=utf8mb4 COLLATE=utf8mb4_unicode_ci;

--
-- Dumping data for table `atoll_councils`
--

INSERT INTO `atoll_councils` (`id`, `atoll_id`, `created_at`, `updated_at`) VALUES
(1, 1, NULL, NULL),
(2, 2, NULL, NULL),
(3, 3, NULL, NULL),
(4, 4, NULL, NULL),
(5, 5, NULL, NULL),
(6, 6, NULL, NULL),
(7, 7, NULL, NULL),
(8, 8, NULL, NULL),
(9, 9, NULL, NULL),
(10, 10, NULL, NULL),
(11, 11, NULL, NULL),
(12, 12, NULL, NULL),
(13, 13, NULL, NULL),
(14, 14, NULL, NULL),
(15, 15, NULL, NULL),
(16, 16, NULL, NULL),
(17, 17, NULL, NULL),
(18, 18, NULL, NULL),
(19, 19, NULL, NULL),
(20, 20, NULL, NULL),
(21, 21, NULL, NULL);

-- --------------------------------------------------------

--
-- Table structure for table `atoll_council_sections`
--

CREATE TABLE `atoll_council_sections` (
  `id` int(10) UNSIGNED NOT NULL,
  `atoll_council_id` int(11) NOT NULL,
  `name` varchar(191) COLLATE utf8mb4_unicode_ci NOT NULL,
  `created_at` timestamp NULL DEFAULT NULL,
  `updated_at` timestamp NULL DEFAULT NULL
) ENGINE=InnoDB DEFAULT CHARSET=utf8mb4 COLLATE=utf8mb4_unicode_ci;

--
-- Dumping data for table `atoll_council_sections`
--

INSERT INTO `atoll_council_sections` (`id`, `atoll_council_id`, `name`, `created_at`, `updated_at`) VALUES
(5, 1, 'Hoarafushi Dhaairaa', '2017-05-04 14:50:02', '2017-05-04 14:50:02'),
(6, 1, 'Ihavandhoo Dhaairaa', '2017-05-04 14:50:11', '2017-05-04 14:50:11'),
(7, 1, 'Baarashu Dhaairaa', '2017-05-04 14:50:27', '2017-05-04 14:50:27'),
(8, 1, 'Dhihdhoo Dhaairaa', '2017-05-04 14:50:39', '2017-05-04 14:50:39'),
(9, 1, 'Kelaa Dhaairaa', '2017-05-04 14:50:46', '2017-05-04 14:50:46'),
(10, 2, 'Hanimaadhoo', '2017-05-04 14:51:39', '2017-05-04 14:51:39'),
(11, 2, 'Vaikaradhoo', '2017-05-04 14:51:48', '2017-05-04 14:51:48'),
(12, 2, 'Kulhudhuffushi Uthuru', '2017-05-04 14:52:08', '2017-05-04 14:52:08'),
(13, 2, 'Kulhudhuffushi Dhekunu', '2017-05-04 14:52:19', '2017-05-04 14:52:19'),
(14, 2, 'Makunudhoo', '2017-05-04 14:52:27', '2017-05-04 14:52:27'),
(15, 3, 'Kanditheemu Dhaairaa', '2017-05-04 14:53:21', '2017-05-04 14:53:21'),
(16, 3, 'Milandhoo Dhaairaa', '2017-05-04 14:53:32', '2017-05-04 14:53:32'),
(17, 3, 'Komandoo Dhaairaa', '2017-05-04 14:53:46', '2017-05-04 14:53:46'),
(18, 3, 'Funadhoo Dhaairaa', '2017-05-04 14:53:54', '2017-05-04 14:53:54'),
(19, 4, 'Kendhikulhudhoo Dhaairaa', '2017-05-04 14:54:20', '2017-05-04 14:54:20'),
(20, 4, 'Manadhoo Dhaairaa', '2017-05-04 14:54:37', '2017-05-04 14:54:37'),
(21, 4, 'Velidhoo Dhaairaa', '2017-05-04 14:55:07', '2017-05-04 14:55:07'),
(22, 4, 'Holhudhoo Dhaairaa', '2017-05-04 14:55:15', '2017-05-04 14:55:15'),
(23, 5, 'Alifushi Dhaairaa', '2017-05-04 14:55:41', '2017-05-04 14:55:41'),
(24, 5, 'Ungoofaaru Dhaairaa', '2017-05-04 14:55:49', '2017-05-04 14:55:49'),
(25, 5, 'Dhuvaafaru Dhaairaa', '2017-05-04 14:55:55', '2017-05-04 14:55:55'),
(26, 5, 'Inguraidhoo Dhaairaa', '2017-05-04 14:56:04', '2017-05-04 14:56:04'),
(27, 5, 'Maduvvari Dhaairaa', '2017-05-04 14:56:10', '2017-05-04 14:56:10'),
(28, 6, 'Thulhaadhoo Dhaairaa', '2017-05-04 14:56:26', '2017-05-04 14:56:26'),
(29, 6, 'Eydhafushi Dhaairaa', '2017-05-04 14:56:33', '2017-05-04 14:56:33'),
(30, 6, 'Kendhoo Dhaairaa', '2017-05-04 14:56:38', '2017-05-04 14:56:38'),
(31, 7, 'Hinnavaru Dhaairaa', '2017-05-04 14:56:58', '2017-05-04 14:56:58'),
(32, 7, 'Naifaru Dhaairaa', '2017-05-04 14:57:04', '2017-05-04 14:57:04'),
(33, 7, 'Kurendhoo Dhaairaa', '2017-05-04 14:57:10', '2017-05-04 14:57:10'),
(34, 8, 'Kaashidhoo Dhaairaa', '2017-05-04 14:57:23', '2017-05-04 14:57:23'),
(35, 8, 'Thulusdhoo Dhaairaa', '2017-05-04 14:57:31', '2017-05-04 14:57:31'),
(36, 8, 'Guraidhoo Dhaairaa', '2017-05-04 14:57:37', '2017-05-04 14:57:37'),
(37, 9, 'Ari Atoll Uthuruburi Council', '2017-05-04 14:58:06', '2017-05-04 14:58:06'),
(38, 10, 'Maamigili Dhaairaa', '2017-05-04 14:58:16', '2017-05-04 14:58:16'),
(39, 10, 'Mahibadhoo Dhaairaa', '2017-05-04 14:58:23', '2017-05-04 14:58:23'),
(40, 10, 'Dhangethi Dhaairaa', '2017-05-04 14:58:31', '2017-05-04 14:58:31'),
(41, 11, 'Vaavu Atoll Council', '2017-05-04 14:58:51', '2017-05-04 14:58:51'),
(42, 12, 'Meemu Atoll Council', '2017-05-04 14:59:09', '2017-05-04 14:59:09'),
(43, 13, 'Faafu Atoll Council', '2017-05-04 14:59:25', '2017-05-04 14:59:25'),
(44, 14, 'Dhaalu Atoll Council', '2017-05-04 14:59:40', '2017-05-04 14:59:40'),
(45, 15, 'Vilufushi Dhaairaa', '2017-05-04 14:59:56', '2017-05-04 14:59:56'),
(46, 15, 'Thimarafushi Dhaairaa', '2017-05-04 15:00:04', '2017-05-04 15:00:04'),
(47, 15, 'Kinbidhoo Dhaairaa', '2017-05-04 15:00:17', '2017-05-04 15:00:17'),
(48, 15, 'Guraidhoo Dhaairaa', '2017-05-04 15:00:29', '2017-05-04 15:00:29'),
(49, 16, 'Isdhoo Dhaairaa', '2017-05-04 15:00:44', '2017-05-04 15:00:44'),
(50, 16, 'Gamu Dhaairaa', '2017-05-04 15:00:50', '2017-05-04 15:00:50'),
(51, 16, 'Fonadhoo Dhaairaa', '2017-05-04 15:01:00', '2017-05-04 15:01:00'),
(52, 16, 'Maavashu Dhaairaa', '2017-05-04 15:01:09', '2017-05-04 15:01:09'),
(53, 17, 'Villingili Dhaairaa', '2017-05-04 15:01:26', '2017-05-04 15:01:26'),
(54, 17, 'Dhaandhoo Dhaairaa', '2017-05-04 15:01:32', '2017-05-04 15:01:32'),
(55, 17, 'Gemanafushi Dhaairaa', '2017-05-04 15:01:40', '2017-05-04 15:01:40'),
(56, 18, 'Thinadhoo Uthuru Dhaairaa', '2017-05-04 15:01:55', '2017-05-04 15:01:55'),
(57, 18, 'Thinadhoo Dhekunu Dhaairaa', '2017-05-04 15:02:03', '2017-05-04 15:02:03'),
(58, 18, 'Madaveli Dhaairaa', '2017-05-04 15:02:08', '2017-05-04 15:02:08'),
(59, 18, 'Faresmaathodaa Dhaairaa', '2017-05-04 15:02:16', '2017-05-04 15:02:16'),
(60, 18, 'Gahdhoo Dhaairaa', '2017-05-04 15:02:24', '2017-05-04 15:02:24');

-- --------------------------------------------------------

--
-- Table structure for table `atoll_council_section_ballot_boxes`
--

CREATE TABLE `atoll_council_section_ballot_boxes` (
  `id` int(10) UNSIGNED NOT NULL,
  `number` varchar(191) COLLATE utf8mb4_unicode_ci NOT NULL,
  `created_at` timestamp NULL DEFAULT NULL,
  `updated_at` timestamp NULL DEFAULT NULL
) ENGINE=InnoDB DEFAULT CHARSET=utf8mb4 COLLATE=utf8mb4_unicode_ci;

-- --------------------------------------------------------

--
-- Table structure for table `atoll_council_section_ballot_box_details`
--

CREATE TABLE `atoll_council_section_ballot_box_details` (
  `id` int(10) UNSIGNED NOT NULL,
  `atoll_section_ballot_box_id` int(11) NOT NULL,
  `candidate_id` int(11) NOT NULL,
  `total_votes` int(11) NOT NULL,
  `valid_votes` int(11) NOT NULL,
  `invalid_votes` int(11) NOT NULL,
  `created_at` timestamp NULL DEFAULT NULL,
  `updated_at` timestamp NULL DEFAULT NULL
) ENGINE=InnoDB DEFAULT CHARSET=utf8mb4 COLLATE=utf8mb4_unicode_ci;

-- --------------------------------------------------------

--
-- Table structure for table `atoll_council_section_candidates`
--

CREATE TABLE `atoll_council_section_candidates` (
  `id` int(10) UNSIGNED NOT NULL,
  `atoll_council_section_id` int(11) NOT NULL,
  `candidate_id` int(11) NOT NULL,
  `created_at` timestamp NULL DEFAULT NULL,
  `updated_at` timestamp NULL DEFAULT NULL
) ENGINE=InnoDB DEFAULT CHARSET=utf8mb4 COLLATE=utf8mb4_unicode_ci;

--
-- Dumping data for table `atoll_council_section_candidates`
--

INSERT INTO `atoll_council_section_candidates` (`id`, `atoll_council_section_id`, `candidate_id`, `created_at`, `updated_at`) VALUES
(5, 5, 8, '2017-05-04 15:35:47', '2017-05-04 15:35:47'),
(6, 5, 9, '2017-05-04 15:36:03', '2017-05-04 15:36:03'),
(7, 6, 10, '2017-05-04 15:36:21', '2017-05-04 15:36:21'),
(8, 6, 11, '2017-05-04 15:36:43', '2017-05-04 15:36:43'),
(9, 7, 12, '2017-05-04 15:37:03', '2017-05-04 15:37:03'),
(10, 7, 13, '2017-05-04 15:37:15', '2017-05-04 15:37:15'),
(11, 8, 14, '2017-05-04 15:37:27', '2017-05-04 15:37:27'),
(12, 8, 15, '2017-05-04 15:37:40', '2017-05-04 15:37:40'),
(13, 9, 16, '2017-05-04 15:37:50', '2017-05-04 15:37:50'),
(14, 9, 17, '2017-05-04 15:38:02', '2017-05-04 15:38:02'),
(15, 10, 18, '2017-05-04 15:38:48', '2017-05-04 15:38:48'),
(16, 10, 19, '2017-05-04 15:39:02', '2017-05-04 15:39:02'),
(17, 11, 20, '2017-05-04 15:39:28', '2017-05-04 15:39:28'),
(18, 11, 21, '2017-05-04 15:39:38', '2017-05-04 15:39:38'),
(19, 12, 22, '2017-05-04 15:40:02', '2017-05-04 15:40:02'),
(20, 12, 23, '2017-05-04 15:40:15', '2017-05-04 15:40:15'),
(21, 13, 24, '2017-05-04 15:40:24', '2017-05-04 15:40:24'),
(22, 13, 25, '2017-05-04 15:40:41', '2017-05-04 15:40:41'),
(23, 14, 26, '2017-05-04 15:40:57', '2017-05-04 15:40:57'),
(24, 14, 27, '2017-05-04 15:41:07', '2017-05-04 15:41:07'),
(26, 15, 29, '2017-05-04 15:41:56', '2017-05-04 15:41:56'),
(27, 15, 30, '2017-05-04 15:42:05', '2017-05-04 15:42:05'),
(28, 16, 31, '2017-05-04 15:42:18', '2017-05-04 15:42:18'),
(29, 16, 32, '2017-05-04 15:42:29', '2017-05-04 15:42:29'),
(30, 17, 33, '2017-05-04 15:42:50', '2017-05-04 15:42:50'),
(31, 17, 34, '2017-05-04 15:43:08', '2017-05-04 15:43:08'),
(32, 18, 35, '2017-05-04 15:43:19', '2017-05-04 15:43:19'),
(33, 18, 36, '2017-05-04 15:43:33', '2017-05-04 15:43:33'),
(34, 18, 37, '2017-05-04 15:43:43', '2017-05-04 15:43:43'),
(35, 19, 38, '2017-05-04 15:44:16', '2017-05-04 15:44:16'),
(36, 19, 39, '2017-05-04 15:44:28', '2017-05-04 15:44:28'),
(37, 20, 40, '2017-05-04 15:44:45', '2017-05-04 15:44:45'),
(38, 20, 41, '2017-05-04 15:44:56', '2017-05-04 15:44:56'),
(39, 21, 42, '2017-05-04 15:45:12', '2017-05-04 15:45:12'),
(40, 21, 43, '2017-05-04 15:45:22', '2017-05-04 15:45:22'),
(41, 21, 44, '2017-05-04 15:45:31', '2017-05-04 15:45:31'),
(42, 22, 45, '2017-05-04 15:45:39', '2017-05-04 15:45:39'),
(43, 22, 46, '2017-05-04 15:45:53', '2017-05-04 15:45:53'),
(44, 23, 47, '2017-05-04 15:46:11', '2017-05-04 15:46:11'),
(45, 23, 48, '2017-05-04 15:46:22', '2017-05-04 15:46:22'),
(46, 24, 49, '2017-05-04 15:46:32', '2017-05-04 15:46:32'),
(47, 24, 50, '2017-05-04 15:46:45', '2017-05-04 15:46:45'),
(48, 25, 51, '2017-05-04 15:46:58', '2017-05-04 15:46:58'),
(49, 25, 52, '2017-05-04 15:47:22', '2017-05-04 15:47:22'),
(50, 26, 53, '2017-05-04 15:47:46', '2017-05-04 15:47:46'),
(51, 26, 54, '2017-05-04 15:48:07', '2017-05-04 15:48:07'),
(52, 26, 55, '2017-05-04 15:48:20', '2017-05-04 15:48:20'),
(53, 27, 56, '2017-05-04 15:48:34', '2017-05-04 15:48:34'),
(54, 27, 57, '2017-05-04 15:48:46', '2017-05-04 15:48:46'),
(55, 27, 58, '2017-05-04 15:48:58', '2017-05-04 15:48:58'),
(56, 28, 59, '2017-05-04 15:49:17', '2017-05-04 15:49:17'),
(57, 28, 60, '2017-05-04 15:49:28', '2017-05-04 15:49:28'),
(58, 29, 61, '2017-05-04 15:49:40', '2017-05-04 15:49:40'),
(59, 29, 62, '2017-05-04 15:49:53', '2017-05-04 15:49:53'),
(60, 30, 63, '2017-05-04 15:50:18', '2017-05-04 15:50:18'),
(61, 30, 64, '2017-05-04 15:50:29', '2017-05-04 15:50:29'),
(62, 30, 65, '2017-05-04 15:50:39', '2017-05-04 15:50:39'),
(63, 31, 66, '2017-05-04 15:50:58', '2017-05-04 15:50:58'),
(64, 31, 67, '2017-05-04 15:51:10', '2017-05-04 15:51:10'),
(65, 32, 68, '2017-05-04 15:51:24', '2017-05-04 15:51:24'),
(66, 32, 69, '2017-05-04 15:51:34', '2017-05-04 15:51:34'),
(67, 32, 70, '2017-05-04 15:51:50', '2017-05-04 15:51:50'),
(68, 33, 71, '2017-05-04 15:52:07', '2017-05-04 15:52:07'),
(69, 33, 72, '2017-05-04 15:52:16', '2017-05-04 15:52:16'),
(70, 34, 73, '2017-05-04 15:52:36', '2017-05-04 15:52:36'),
(71, 34, 74, '2017-05-04 15:52:55', '2017-05-04 15:52:55'),
(72, 35, 75, '2017-05-04 15:53:11', '2017-05-04 15:53:11'),
(73, 35, 76, '2017-05-04 15:53:21', '2017-05-04 15:53:21'),
(74, 36, 77, '2017-05-04 15:53:34', '2017-05-04 15:53:34'),
(75, 36, 78, '2017-05-04 15:53:44', '2017-05-04 15:53:44'),
(76, 36, 79, '2017-05-04 15:54:02', '2017-05-04 15:54:02'),
(77, 37, 80, '2017-05-04 15:54:28', '2017-05-04 15:54:28'),
(78, 37, 81, '2017-05-04 15:54:43', '2017-05-04 15:54:43'),
(79, 37, 82, '2017-05-04 15:54:53', '2017-05-04 15:54:53'),
(80, 37, 83, '2017-05-04 15:55:04', '2017-05-04 15:55:04'),
(81, 37, 84, '2017-05-04 15:55:18', '2017-05-04 15:55:18'),
(82, 37, 85, '2017-05-04 15:55:34', '2017-05-04 15:55:34'),
(83, 37, 86, '2017-05-04 15:55:47', '2017-05-04 15:55:47'),
(84, 38, 87, '2017-05-04 15:56:23', '2017-05-04 15:56:23'),
(85, 38, 88, '2017-05-04 15:56:35', '2017-05-04 15:56:35'),
(86, 38, 89, '2017-05-04 15:56:51', '2017-05-04 15:56:51'),
(87, 39, 90, '2017-05-04 15:57:05', '2017-05-04 15:57:05'),
(88, 39, 91, '2017-05-04 15:57:17', '2017-05-04 15:57:17'),
(89, 40, 92, '2017-05-04 15:57:29', '2017-05-04 15:57:29'),
(90, 40, 93, '2017-05-04 15:57:40', '2017-05-04 15:57:40'),
(91, 41, 94, '2017-05-04 15:58:28', '2017-05-04 15:58:28'),
(92, 41, 95, '2017-05-04 15:58:49', '2017-05-04 15:58:49'),
(93, 41, 96, '2017-05-04 15:59:05', '2017-05-04 15:59:05'),
(94, 41, 97, '2017-05-04 15:59:21', '2017-05-04 15:59:21'),
(95, 41, 98, '2017-05-04 15:59:36', '2017-05-04 15:59:36'),
(96, 41, 99, '2017-05-04 15:59:55', '2017-05-04 15:59:55'),
(97, 42, 100, '2017-05-04 16:01:00', '2017-05-04 16:01:00'),
(98, 42, 101, '2017-05-04 16:01:18', '2017-05-04 16:01:18'),
(99, 42, 102, '2017-05-04 16:01:28', '2017-05-04 16:01:28'),
(100, 42, 103, '2017-05-04 16:01:39', '2017-05-04 16:01:39'),
(101, 42, 104, '2017-05-04 16:01:54', '2017-05-04 16:01:54'),
(102, 43, 105, '2017-05-04 16:02:42', '2017-05-04 16:02:42'),
(103, 43, 106, '2017-05-04 16:02:52', '2017-05-04 16:02:52'),
(104, 43, 107, '2017-05-04 16:03:02', '2017-05-04 16:03:02'),
(105, 43, 108, '2017-05-04 16:03:59', '2017-05-04 16:03:59'),
(106, 43, 109, '2017-05-04 16:04:11', '2017-05-04 16:04:11'),
(107, 43, 110, '2017-05-04 16:04:21', '2017-05-04 16:04:21'),
(108, 43, 111, '2017-05-04 16:04:33', '2017-05-04 16:04:33'),
(109, 43, 112, '2017-05-04 16:04:48', '2017-05-04 16:04:48'),
(110, 43, 113, '2017-05-04 16:05:00', '2017-05-04 16:05:00'),
(111, 44, 114, '2017-05-04 16:05:18', '2017-05-04 16:05:18'),
(112, 44, 115, '2017-05-04 16:05:33', '2017-05-04 16:05:33'),
(113, 44, 116, '2017-05-04 16:05:43', '2017-05-04 16:05:43'),
(114, 44, 117, '2017-05-04 16:05:57', '2017-05-04 16:05:57'),
(115, 44, 118, '2017-05-04 16:06:14', '2017-05-04 16:06:14'),
(116, 44, 119, '2017-05-04 16:06:25', '2017-05-04 16:06:25'),
(117, 45, 120, '2017-05-04 16:06:54', '2017-05-04 16:06:54'),
(118, 45, 121, '2017-05-04 16:07:02', '2017-05-04 16:07:02'),
(119, 46, 122, '2017-05-04 16:07:18', '2017-05-04 16:07:18'),
(120, 46, 123, '2017-05-04 16:07:31', '2017-05-04 16:07:31'),
(121, 47, 124, '2017-05-04 16:07:51', '2017-05-04 16:07:51'),
(122, 47, 125, '2017-05-04 16:08:03', '2017-05-04 16:08:03'),
(123, 47, 126, '2017-05-04 16:08:13', '2017-05-04 16:08:13'),
(124, 47, 127, '2017-05-04 16:08:24', '2017-05-04 16:08:24'),
(125, 47, 128, '2017-05-04 16:08:35', '2017-05-04 16:08:35'),
(126, 48, 129, '2017-05-04 16:08:48', '2017-05-04 16:08:48'),
(127, 48, 130, '2017-05-04 16:09:01', '2017-05-04 16:09:01'),
(128, 49, 131, '2017-05-04 16:09:21', '2017-05-04 16:09:21'),
(129, 49, 132, '2017-05-04 16:09:35', '2017-05-04 16:09:35'),
(130, 49, 133, '2017-05-04 16:09:47', '2017-05-04 16:09:47'),
(131, 50, 134, '2017-05-04 16:10:02', '2017-05-04 16:10:02'),
(132, 50, 135, '2017-05-04 16:10:14', '2017-05-04 16:10:14'),
(133, 50, 136, '2017-05-04 16:10:24', '2017-05-04 16:10:24'),
(134, 51, 137, '2017-05-04 16:10:37', '2017-05-04 16:10:37'),
(135, 51, 138, '2017-05-04 16:10:49', '2017-05-04 16:10:49'),
(136, 51, 139, '2017-05-04 16:10:58', '2017-05-04 16:10:58'),
(137, 51, 140, '2017-05-04 16:11:25', '2017-05-04 16:11:25'),
(141, 51, 145, '2017-05-04 16:16:34', '2017-05-04 16:16:34'),
(142, 52, 146, '2017-05-04 16:16:51', '2017-05-04 16:16:51'),
(143, 52, 147, '2017-05-04 16:17:03', '2017-05-04 16:17:03'),
(144, 52, 148, '2017-05-04 16:17:12', '2017-05-04 16:17:12'),
(145, 53, 149, '2017-05-04 16:18:10', '2017-05-04 16:18:10'),
(146, 53, 150, '2017-05-04 16:18:20', '2017-05-04 16:18:20'),
(147, 54, 151, '2017-05-04 16:18:33', '2017-05-04 16:18:33'),
(148, 54, 152, '2017-05-04 16:18:46', '2017-05-04 16:18:46'),
(149, 55, 153, '2017-05-04 16:19:01', '2017-05-04 16:19:01'),
(150, 55, 154, '2017-05-04 16:19:11', '2017-05-04 16:19:11'),
(151, 55, 155, '2017-05-04 16:19:22', '2017-05-04 16:19:22'),
(152, 56, 156, '2017-05-04 16:19:43', '2017-05-04 16:19:43'),
(153, 56, 157, '2017-05-04 16:20:00', '2017-05-04 16:20:00'),
(154, 57, 158, '2017-05-04 16:20:13', '2017-05-04 16:20:13'),
(155, 57, 159, '2017-05-04 16:20:26', '2017-05-04 16:20:26'),
(156, 57, 160, '2017-05-04 16:20:44', '2017-05-04 16:20:44'),
(157, 58, 161, '2017-05-04 16:21:03', '2017-05-04 16:21:03'),
(158, 58, 162, '2017-05-04 16:21:15', '2017-05-04 16:21:15'),
(159, 59, 163, '2017-05-04 16:21:29', '2017-05-04 16:21:29'),
(160, 59, 164, '2017-05-04 16:21:38', '2017-05-04 16:21:38'),
(162, 59, 166, '2017-05-04 16:22:15', '2017-05-04 16:22:15'),
(163, 60, 167, '2017-05-04 16:22:34', '2017-05-04 16:22:34'),
(164, 60, 168, '2017-05-04 16:22:56', '2017-05-04 16:22:56');

-- --------------------------------------------------------

--
-- Table structure for table `ballot_boxes`
--

CREATE TABLE `ballot_boxes` (
  `id` int(10) UNSIGNED NOT NULL,
  `number` varchar(191) COLLATE utf8mb4_unicode_ci NOT NULL,
  `name` varchar(100) COLLATE utf8mb4_unicode_ci DEFAULT NULL,
  `island_id` int(11) NOT NULL,
  `atoll_id` int(11) NOT NULL,
  `atoll_council_section_id` int(11) DEFAULT NULL,
  `valid_votes` int(11) DEFAULT NULL,
  `invalid_votes` int(11) DEFAULT NULL,
  `total_votes` int(11) DEFAULT NULL,
  `created_at` timestamp NULL DEFAULT NULL,
  `updated_at` timestamp NULL DEFAULT NULL
) ENGINE=InnoDB DEFAULT CHARSET=utf8mb4 COLLATE=utf8mb4_unicode_ci;

--
-- Dumping data for table `ballot_boxes`
--

INSERT INTO `ballot_boxes` (`id`, `number`, `name`, `island_id`, `atoll_id`, `atoll_council_section_id`, `valid_votes`, `invalid_votes`, `total_votes`, `created_at`, `updated_at`) VALUES
(4, '3123', '3123123', 1, 1, 5, 0, 0, 0, '2017-05-05 08:25:52', '2017-05-05 08:25:52');

-- --------------------------------------------------------

--
-- Table structure for table `ballot_box_details`
--

CREATE TABLE `ballot_box_details` (
  `id` int(10) UNSIGNED NOT NULL,
  `ballot_box_id` int(11) NOT NULL,
  `candidate_id` int(11) NOT NULL,
  `council_type_id` int(11) DEFAULT NULL,
  `atoll_council_section_id` int(11) DEFAULT NULL,
  `votes` int(11) DEFAULT NULL,
  `created_at` timestamp NULL DEFAULT NULL,
  `updated_at` timestamp NULL DEFAULT NULL
) ENGINE=InnoDB DEFAULT CHARSET=utf8mb4 COLLATE=utf8mb4_unicode_ci;

--
-- Dumping data for table `ballot_box_details`
--

INSERT INTO `ballot_box_details` (`id`, `ballot_box_id`, `candidate_id`, `council_type_id`, `atoll_council_section_id`, `votes`, `created_at`, `updated_at`) VALUES
(94, 4, 169, 2, NULL, NULL, '2017-05-05 08:38:44', '2017-05-05 08:38:44'),
(95, 4, 170, 2, NULL, NULL, '2017-05-05 08:38:44', '2017-05-05 08:38:44'),
(96, 4, 171, 2, NULL, NULL, '2017-05-05 08:38:44', '2017-05-05 08:38:44'),
(97, 4, 172, 2, NULL, NULL, '2017-05-05 08:38:45', '2017-05-05 08:38:45'),
(98, 4, 173, 2, NULL, NULL, '2017-05-05 08:38:45', '2017-05-05 08:38:45'),
(99, 4, 8, 1, 5, NULL, '2017-05-05 08:38:45', '2017-05-05 08:38:45'),
(100, 4, 9, 1, 5, NULL, '2017-05-05 08:38:45', '2017-05-05 08:38:45');

-- --------------------------------------------------------

--
-- Table structure for table `candidates`
--

CREATE TABLE `candidates` (
  `id` int(10) UNSIGNED NOT NULL,
  `name` varchar(191) COLLATE utf8mb4_unicode_ci NOT NULL,
  `number` varchar(191) COLLATE utf8mb4_unicode_ci NOT NULL,
  `political_party_id` int(11) NOT NULL,
  `created_at` timestamp NULL DEFAULT NULL,
  `updated_at` timestamp NULL DEFAULT NULL
) ENGINE=InnoDB DEFAULT CHARSET=utf8mb4 COLLATE=utf8mb4_unicode_ci;

--
-- Dumping data for table `candidates`
--

INSERT INTO `candidates` (`id`, `name`, `number`, `political_party_id`, `created_at`, `updated_at`) VALUES
(1, 'Ahmed', '02', 1, '2017-05-04 10:53:55', '2017-05-04 10:53:55'),
(2, 'Shimad Firaaq', '03', 1, '2017-05-04 10:54:29', '2017-05-04 10:54:29'),
(3, 'Shimad Firaaq', '03', 1, '2017-05-04 10:54:49', '2017-05-04 10:54:49'),
(4, 'Shimad Firaaq', '03', 1, '2017-05-04 10:55:11', '2017-05-04 10:55:11'),
(5, 'Mohammed Aboobakuru', '03', 2, '2017-05-04 10:57:23', '2017-05-04 10:57:23'),
(6, 'Shimad MOhammed', '03', 1, '2017-05-04 11:33:10', '2017-05-04 11:33:10'),
(8, 'Ahmed Mauroof', '1', 2, '2017-05-04 15:35:47', '2017-05-04 15:35:47'),
(9, 'Ibrahim Rasheed', '2', 1, '2017-05-04 15:36:03', '2017-05-04 15:36:03'),
(10, 'Abdhullah Hussain', '1', 1, '2017-05-04 15:36:21', '2017-05-04 15:36:21'),
(11, 'Mohamed Areeb', '2', 2, '2017-05-04 15:36:43', '2017-05-04 15:36:43'),
(12, 'Hussain Naseer', '1', 2, '2017-05-04 15:37:03', '2017-05-04 15:37:03'),
(13, 'Ali Shameem', '2', 1, '2017-05-04 15:37:15', '2017-05-04 15:37:15'),
(14, 'Abdhullah Siraj', '1', 1, '2017-05-04 15:37:27', '2017-05-04 15:37:27'),
(15, 'Ahmed Abdul Gayyoom', '2', 2, '2017-05-04 15:37:40', '2017-05-04 15:37:40'),
(16, 'Ahmed Rishwan', '1', 1, '2017-05-04 15:37:50', '2017-05-04 15:37:50'),
(17, 'Abdhullah Infaz', '2', 2, '2017-05-04 15:38:02', '2017-05-04 15:38:02'),
(18, 'Ali Mohamed', '1', 1, '2017-05-04 15:38:48', '2017-05-04 15:38:48'),
(19, 'Ahmed Sameem', '2', 2, '2017-05-04 15:39:02', '2017-05-04 15:39:02'),
(20, 'Mohamed Waseem', '1', 6, '2017-05-04 15:39:28', '2017-05-04 15:39:28'),
(21, 'Mohamed Siyaah', '2', 1, '2017-05-04 15:39:38', '2017-05-04 15:39:38'),
(22, 'Adam Ali', '1', 6, '2017-05-04 15:40:02', '2017-05-04 15:40:02'),
(23, 'Ummu Kulsoom Ibrahim', '2', 2, '2017-05-04 15:40:15', '2017-05-04 15:40:15'),
(24, 'Ahmed Athif', '1', 1, '2017-05-04 15:40:24', '2017-05-04 15:40:24'),
(25, 'Moomina Iqbal', '2', 2, '2017-05-04 15:40:41', '2017-05-04 15:40:41'),
(26, 'Mohamed Ignaz', '1', 2, '2017-05-04 15:40:57', '2017-05-04 15:40:57'),
(27, 'Ibrahim Ali', '2', 1, '2017-05-04 15:41:07', '2017-05-04 15:41:07'),
(29, 'Mohamed Arif', '1', 2, '2017-05-04 15:41:56', '2017-05-04 15:41:56'),
(30, 'Ahmed Raisam', '2', 1, '2017-05-04 15:42:05', '2017-05-04 15:42:05'),
(31, 'Saudhullah Usman', '1', 1, '2017-05-04 15:42:18', '2017-05-04 15:42:18'),
(32, 'Abdul Hannan Ali', '2', 2, '2017-05-04 15:42:29', '2017-05-04 15:42:29'),
(33, 'Ibrahim Rasheed Idhrees', '1', 2, '2017-05-04 15:42:50', '2017-05-04 15:42:50'),
(34, 'Abdhullah Naahidh', '2', 1, '2017-05-04 15:43:08', '2017-05-04 15:43:08'),
(35, 'Ibrahim Mohamed', '1', 1, '2017-05-04 15:43:19', '2017-05-04 15:43:19'),
(36, 'Ahmed Faiz', '2', 6, '2017-05-04 15:43:33', '2017-05-04 15:43:33'),
(37, 'Mohamed Abdul Rahmaan', '3', 2, '2017-05-04 15:43:43', '2017-05-04 15:43:43'),
(38, 'Wasif Ahmed', '1', 1, '2017-05-04 15:44:16', '2017-05-04 15:44:16'),
(39, 'Abdhullah Shaheed', '2', 5, '2017-05-04 15:44:28', '2017-05-04 15:44:28'),
(40, 'Ali Safir', '1', 1, '2017-05-04 15:44:45', '2017-05-04 15:44:45'),
(41, 'Ibrahim Ali', '2', 5, '2017-05-04 15:44:56', '2017-05-04 15:44:56'),
(42, 'Mohamed Malik', '1', 5, '2017-05-04 15:45:12', '2017-05-04 15:45:12'),
(43, 'Adam Faiz', '2', 1, '2017-05-04 15:45:22', '2017-05-04 15:45:22'),
(44, 'Mohamed Irufan', '3', 6, '2017-05-04 15:45:31', '2017-05-04 15:45:31'),
(45, 'Hassan Moosa', '1', 1, '2017-05-04 15:45:39', '2017-05-04 15:45:39'),
(46, 'Ahmed Ravsham', '2', 2, '2017-05-04 15:45:53', '2017-05-04 15:45:53'),
(47, 'Ali Shahidh', '1', 1, '2017-05-04 15:46:11', '2017-05-04 15:46:11'),
(48, 'Ibrahim Abdul Kareem', '2', 2, '2017-05-04 15:46:22', '2017-05-04 15:46:22'),
(49, 'Ibrahim Risaan', '1', 1, '2017-05-04 15:46:32', '2017-05-04 15:46:32'),
(50, 'Yoosuf Saleem', '2', 2, '2017-05-04 15:46:45', '2017-05-04 15:46:45'),
(51, 'Hassan Eesa', '1', 2, '2017-05-04 15:46:58', '2017-05-04 15:46:58'),
(52, 'Ahmed Mohamed Waheed', '2', 1, '2017-05-04 15:47:22', '2017-05-04 15:47:22'),
(53, 'Abdul Nasir Adam', '1', 6, '2017-05-04 15:47:46', '2017-05-04 15:47:46'),
(54, 'Abdhullah Hussain', '2', 6, '2017-05-04 15:48:07', '2017-05-04 15:48:07'),
(55, 'Mohamed Yasir', '3', 2, '2017-05-04 15:48:20', '2017-05-04 15:48:20'),
(56, 'Anwar Ibrahim', '1', 2, '2017-05-04 15:48:34', '2017-05-04 15:48:34'),
(57, 'Ahmed Faiz', '2', 1, '2017-05-04 15:48:46', '2017-05-04 15:48:46'),
(58, 'Ahmed Sunoon', '3', 3, '2017-05-04 15:48:58', '2017-05-04 15:48:58'),
(59, 'Abdhullah Zahidh', '1', 2, '2017-05-04 15:49:17', '2017-05-04 15:49:17'),
(60, 'Ahmed Afrah', '2', 1, '2017-05-04 15:49:28', '2017-05-04 15:49:28'),
(61, 'Abdhullah Ashraf', '1', 2, '2017-05-04 15:49:40', '2017-05-04 15:49:40'),
(62, 'Mabrook Naseer', '2', 1, '2017-05-04 15:49:53', '2017-05-04 15:49:53'),
(63, 'Fathimath Sifana', '1', 3, '2017-05-04 15:50:18', '2017-05-04 15:50:18'),
(64, 'Ahmed Nasheed', '2', 1, '2017-05-04 15:50:29', '2017-05-04 15:50:29'),
(65, 'Suoodh Saeedh', '3', 2, '2017-05-04 15:50:39', '2017-05-04 15:50:39'),
(66, 'Ibrahim Athif', '1', 2, '2017-05-04 15:50:58', '2017-05-04 15:50:58'),
(67, 'Shihan Hassan', '2', 1, '2017-05-04 15:51:10', '2017-05-04 15:51:10'),
(68, 'Hussain Ibrahim', '1', 3, '2017-05-04 15:51:24', '2017-05-04 15:51:24'),
(69, 'Mohamed Hussain', '2', 1, '2017-05-04 15:51:34', '2017-05-04 15:51:34'),
(70, 'Mohamed Rasheed', '3', 2, '2017-05-04 15:51:50', '2017-05-04 15:51:50'),
(71, 'Ahmed Ashraf', '1', 2, '2017-05-04 15:52:07', '2017-05-04 15:52:07'),
(72, 'Ibrahim Simaau', '2', 1, '2017-05-04 15:52:16', '2017-05-04 15:52:16'),
(73, 'Ibrahim Shareef PPM', '1', 2, '2017-05-04 15:52:36', '2017-05-04 15:52:36'),
(74, 'Majidh Sulaiman', '2', 3, '2017-05-04 15:52:55', '2017-05-04 15:52:55'),
(75, 'Ibrahim Rauf', '1', 2, '2017-05-04 15:53:11', '2017-05-04 15:53:11'),
(76, 'Ahmed Fasil', '2', 1, '2017-05-04 15:53:21', '2017-05-04 15:53:21'),
(77, 'Abdhullah Waris', '1', 2, '2017-05-04 15:53:34', '2017-05-04 15:53:34'),
(78, 'Saudhullah Latheef', '2', 6, '2017-05-04 15:53:44', '2017-05-04 15:53:44'),
(79, 'Mohamed Luthufee', '3', 6, '2017-05-04 15:54:02', '2017-05-04 15:54:02'),
(80, 'Adham Naseem', '1', 2, '2017-05-04 15:54:28', '2017-05-04 15:54:28'),
(81, 'Ahmed Mujthaba Mohamed', '2', 3, '2017-05-04 15:54:43', '2017-05-04 15:54:43'),
(82, 'Mohamed Shafeeq', '3', 1, '2017-05-04 15:54:53', '2017-05-04 15:54:53'),
(83, 'Mohamed Nahidh', '4', 1, '2017-05-04 15:55:04', '2017-05-04 15:55:04'),
(84, 'Mohamed Nazeeh', '5', 2, '2017-05-04 15:55:18', '2017-05-04 15:55:18'),
(85, 'Hussain Amir', '6', 2, '2017-05-04 15:55:34', '2017-05-04 15:55:34'),
(86, 'Mohamed Adam', '7', 1, '2017-05-04 15:55:47', '2017-05-04 15:55:47'),
(87, 'Ali Naseer', '1', 1, '2017-05-04 15:56:23', '2017-05-04 15:56:23'),
(88, 'Hashim Abdhullah', '2', 2, '2017-05-04 15:56:35', '2017-05-04 15:56:35'),
(89, 'Mohamed Nafiu', '3', 3, '2017-05-04 15:56:51', '2017-05-04 15:56:51'),
(90, 'Ali Fuwadh', '1', 2, '2017-05-04 15:57:05', '2017-05-04 15:57:05'),
(91, 'Ahmed Rasheedh', '2', 6, '2017-05-04 15:57:17', '2017-05-04 15:57:17'),
(92, 'Ahmed Abdhullah', '1', 2, '2017-05-04 15:57:29', '2017-05-04 15:57:29'),
(93, 'Mohamed Ahmed', '2', 3, '2017-05-04 15:57:40', '2017-05-04 15:57:40'),
(94, 'Abdhul Azeez Ibrahim', '1', 1, '2017-05-04 15:58:28', '2017-05-04 15:58:28'),
(95, 'Hussain Hafiz', '2', 1, '2017-05-04 15:58:49', '2017-05-04 15:58:49'),
(96, 'Ibrahim Niyaz', '3', 2, '2017-05-04 15:59:05', '2017-05-04 15:59:05'),
(97, 'Mohamed Ahmed Manik', '4', 2, '2017-05-04 15:59:21', '2017-05-04 15:59:21'),
(98, 'Hassan Ahmed Manik', '5', 1, '2017-05-04 15:59:36', '2017-05-04 15:59:36'),
(99, 'Mohamed Naseer', '6', 2, '2017-05-04 15:59:55', '2017-05-04 15:59:55'),
(100, 'Hassan Amjadh', '1', 2, '2017-05-04 16:01:00', '2017-05-04 16:01:00'),
(101, 'Yoosuf Sidhqee', '2', 2, '2017-05-04 16:01:18', '2017-05-04 16:01:18'),
(102, 'Ahmed Hassan', '3', 2, '2017-05-04 16:01:28', '2017-05-04 16:01:28'),
(103, 'Ahmed Nafiz', '4', 6, '2017-05-04 16:01:39', '2017-05-04 16:01:39'),
(104, 'Moosa Naseer Ahmed', '5', 6, '2017-05-04 16:01:54', '2017-05-04 16:01:54'),
(105, 'Ali Saleem', '1', 2, '2017-05-04 16:02:42', '2017-05-04 16:02:42'),
(106, 'Mohamed Fazeen', '2', 2, '2017-05-04 16:02:52', '2017-05-04 16:02:52'),
(107, 'Mahmoodh Ahmed', '3', 1, '2017-05-04 16:03:02', '2017-05-04 16:03:02'),
(108, 'Abdul Hameed Mohamed', '4', 2, '2017-05-04 16:03:59', '2017-05-04 16:03:59'),
(109, 'Mohamed Khaleel', '5', 6, '2017-05-04 16:04:11', '2017-05-04 16:04:11'),
(110, 'Mohamed Fareedh', '6', 3, '2017-05-04 16:04:21', '2017-05-04 16:04:21'),
(111, 'Ibrahim Naeem', '7', 6, '2017-05-04 16:04:33', '2017-05-04 16:04:33'),
(112, 'Umar Zahir', '8', 1, '2017-05-04 16:04:48', '2017-05-04 16:04:48'),
(113, 'Abdul Gadhir Mohamed', '9', 1, '2017-05-04 16:05:00', '2017-05-04 16:05:00'),
(114, 'Mohamed Zameer Ismail', '1', 2, '2017-05-04 16:05:18', '2017-05-04 16:05:18'),
(115, 'Hamedhee Abdhullah', '2', 5, '2017-05-04 16:05:33', '2017-05-04 16:05:33'),
(116, 'Ahmed Shafiu', '3', 1, '2017-05-04 16:05:43', '2017-05-04 16:05:43'),
(117, 'Ibrahim Farih', '4', 1, '2017-05-04 16:05:57', '2017-05-04 16:05:57'),
(118, 'Hussain Shakir', '5', 5, '2017-05-04 16:06:14', '2017-05-04 16:06:14'),
(119, 'Ibrahim Nasir', '6', 6, '2017-05-04 16:06:25', '2017-05-04 16:06:25'),
(120, 'Moosa Musthafa', '1', 1, '2017-05-04 16:06:54', '2017-05-04 16:06:54'),
(121, 'Adam Saamee', '2', 2, '2017-05-04 16:07:02', '2017-05-04 16:07:02'),
(122, 'Rishwan Addhullah', '1', 1, '2017-05-04 16:07:18', '2017-05-04 16:07:18'),
(123, 'Ali Hussain Fulhu', '2', 2, '2017-05-04 16:07:31', '2017-05-04 16:07:31'),
(124, 'Ahmed Fazeel', '1', 6, '2017-05-04 16:07:51', '2017-05-04 16:07:51'),
(125, 'Azfaar Abdhullah', '2', 6, '2017-05-04 16:08:03', '2017-05-04 16:08:03'),
(126, 'Abdul Nasir Ali', '3', 3, '2017-05-04 16:08:13', '2017-05-04 16:08:13'),
(127, 'Jaadhullah Mohamed', '4', 2, '2017-05-04 16:08:24', '2017-05-04 16:08:24'),
(128, 'Ismail Haneef', '5', 1, '2017-05-04 16:08:35', '2017-05-04 16:08:35'),
(129, 'Adhil Ibrahim', '1', 2, '2017-05-04 16:08:48', '2017-05-04 16:08:48'),
(130, 'Thaaib Ismail', '2', 1, '2017-05-04 16:09:01', '2017-05-04 16:09:01'),
(131, 'Mariyam Hafiza', '1', 3, '2017-05-04 16:09:21', '2017-05-04 16:09:21'),
(132, 'Hussain Naees', '2', 1, '2017-05-04 16:09:35', '2017-05-04 16:09:35'),
(133, 'Hussain Faiz', '3', 2, '2017-05-04 16:09:47', '2017-05-04 16:09:47'),
(134, 'Abdhullah Shareef', '1', 1, '2017-05-04 16:10:02', '2017-05-04 16:10:02'),
(135, 'Mohamed Fareedh', '2', 3, '2017-05-04 16:10:14', '2017-05-04 16:10:14'),
(136, 'Aminath Nashidha', '3', 2, '2017-05-04 16:10:24', '2017-05-04 16:10:24'),
(137, 'Ibrahim Anees', '1', 6, '2017-05-04 16:10:37', '2017-05-04 16:10:37'),
(138, 'Ali Shareef Ibrahim', '2', 6, '2017-05-04 16:10:49', '2017-05-04 16:10:49'),
(139, 'Ali Abdhullah', '3', 3, '2017-05-04 16:10:58', '2017-05-04 16:10:58'),
(140, 'Shaaheen Ismail', '4', 2, '2017-05-04 16:11:25', '2017-05-04 16:11:25'),
(145, 'Abdhullah Faisal', '5', 6, '2017-05-04 16:16:34', '2017-05-04 16:16:34'),
(146, 'Moosa Faisal', '1', 2, '2017-05-04 16:16:51', '2017-05-04 16:16:51'),
(147, 'Ibrahim Zahir', '2', 6, '2017-05-04 16:17:02', '2017-05-04 16:17:02'),
(148, 'Mohamed Ahmed', '3', 1, '2017-05-04 16:17:12', '2017-05-04 16:17:12'),
(149, 'Ali Shameem', '1', 2, '2017-05-04 16:18:10', '2017-05-04 16:18:10'),
(150, 'Ahmed Fuadh', '2', 1, '2017-05-04 16:18:20', '2017-05-04 16:18:20'),
(151, 'Hussain Adam', '1', 1, '2017-05-04 16:18:33', '2017-05-04 16:18:33'),
(152, 'Saudhullah Rasheedh', '2', 2, '2017-05-04 16:18:46', '2017-05-04 16:18:46'),
(153, 'Ahmed Nazmeen', '1', 6, '2017-05-04 16:19:01', '2017-05-04 16:19:01'),
(154, 'Najah Mohamed', '2', 2, '2017-05-04 16:19:11', '2017-05-04 16:19:11'),
(155, 'Mohamed Didi', '3', 6, '2017-05-04 16:19:22', '2017-05-04 16:19:22'),
(156, 'Ahmed Thasleem', '1', 2, '2017-05-04 16:19:43', '2017-05-04 16:19:43'),
(157, 'Mohamed Nasih Rasheed', '2', 1, '2017-05-04 16:20:00', '2017-05-04 16:20:00'),
(158, 'Thamdheeh Mohamed', '1', 1, '2017-05-04 16:20:13', '2017-05-04 16:20:13'),
(159, 'Kinayath Mohamed', '2', 3, '2017-05-04 16:20:26', '2017-05-04 16:20:26'),
(160, 'Abdhullah Athif', '3', 2, '2017-05-04 16:20:44', '2017-05-04 16:20:44'),
(161, 'Mohamed Shiran', '1', 1, '2017-05-04 16:21:03', '2017-05-04 16:21:03'),
(162, 'Inaz Ali', '2', 2, '2017-05-04 16:21:15', '2017-05-04 16:21:15'),
(163, 'Mohamed Saeedh', '1', 6, '2017-05-04 16:21:29', '2017-05-04 16:21:29'),
(164, 'Ali Shaam', '2', 1, '2017-05-04 16:21:38', '2017-05-04 16:21:38'),
(166, 'Mohamed Abdhullah', '3', 2, '2017-05-04 16:22:15', '2017-05-04 16:22:15'),
(167, 'Ahmed Yameen', '1', 2, '2017-05-04 16:22:34', '2017-05-04 16:22:34'),
(168, 'Mohamed Rizan', '2', 1, '2017-05-04 16:22:56', '2017-05-04 16:22:56'),
(169, 'Ali Abbas', '1', 6, '2017-05-04 16:27:25', '2017-05-04 16:27:25'),
(170, 'Ali Abdul Latheef', '2', 6, '2017-05-04 16:27:39', '2017-05-04 16:27:39'),
(171, 'Husna Ibrahim', '3', 6, '2017-05-04 16:27:50', '2017-05-04 16:27:50'),
(172, 'Thaha Ali', '4', 6, '2017-05-04 16:28:09', '2017-05-04 16:28:09'),
(173, 'Ahmed Siraj', '5', 6, '2017-05-04 16:28:21', '2017-05-04 16:28:21'),
(174, 'Ahmed Ziyadh Hassan', '1', 6, '2017-05-04 16:30:55', '2017-05-04 16:30:55'),
(175, 'Imadh Abdhullah', '2', 6, '2017-05-04 16:31:04', '2017-05-04 16:31:04'),
(176, 'Ahmed Aboobakuru', '3', 6, '2017-05-04 16:31:15', '2017-05-04 16:31:15'),
(177, 'Ahmed Muaz Mohamed', '4', 6, '2017-05-04 16:31:30', '2017-05-04 16:31:30'),
(178, 'Ahmed Ashraf', '1', 6, '2017-05-04 16:31:47', '2017-05-04 16:31:47'),
(179, 'Ahmed Adam', '2', 6, '2017-05-04 16:31:55', '2017-05-04 16:31:55'),
(180, 'Ahmed Rifau', '3', 6, '2017-05-04 16:32:08', '2017-05-04 16:32:08'),
(182, 'Ali Riyaz', '4', 6, '2017-05-04 16:32:40', '2017-05-04 16:32:40'),
(183, 'Mohamed Nisham', '5', 6, '2017-05-04 16:32:50', '2017-05-04 16:32:50'),
(184, 'Fathimath Fazna', '1', 2, '2017-05-04 16:33:49', '2017-05-04 16:33:49'),
(185, 'Mohamed Waheedh', '2', 1, '2017-05-04 16:33:59', '2017-05-04 16:33:59'),
(186, 'Mohamed Sameer', '3', 6, '2017-05-04 16:34:08', '2017-05-04 16:34:08'),
(187, 'Mohamed Naseer Aboobakuru', '4', 2, '2017-05-04 16:34:19', '2017-05-04 16:34:19'),
(188, 'Hashim Aboobakuru', '5', 6, '2017-05-04 16:34:30', '2017-05-04 16:34:30'),
(189, 'Ahmed Imdhah', '6', 1, '2017-05-04 16:34:39', '2017-05-04 16:34:39'),
(190, 'Ahmed Shujau', '7', 5, '2017-05-04 16:34:49', '2017-05-04 16:34:49'),
(191, 'Ibrahim Rasheed', '8', 1, '2017-05-04 16:35:00', '2017-05-04 16:35:00'),
(192, 'Ali Riyaz', '9', 5, '2017-05-04 16:35:10', '2017-05-04 16:35:10'),
(193, 'Ali Arif', '10', 6, '2017-05-04 16:35:28', '2017-05-04 16:35:28'),
(194, 'Ali Naseer Adam', '11', 5, '2017-05-04 16:35:40', '2017-05-04 16:35:40'),
(195, 'Abdul Hannan Ahmed Fulhu', '12', 1, '2017-05-04 16:35:53', '2017-05-04 16:35:53'),
(196, 'Ibrahim Shakir', '13', 1, '2017-05-04 16:36:06', '2017-05-04 16:36:06'),
(197, 'Abdhullah Khaleel', '1', 1, '2017-05-04 16:36:54', '2017-05-04 16:36:54'),
(198, 'Yasfa Ahmed', '2', 6, '2017-05-04 16:37:03', '2017-05-04 16:37:03'),
(199, 'Ahmed Rilwan', '3', 1, '2017-05-04 16:37:19', '2017-05-04 16:37:19'),
(200, 'Mohamed Rasheed', '4', 6, '2017-05-04 16:37:33', '2017-05-04 16:37:33'),
(201, 'Ali Rameez', '5', 1, '2017-05-04 16:37:42', '2017-05-04 16:37:42'),
(202, 'Mohamed Rasheed', '6', 1, '2017-05-04 16:37:52', '2017-05-04 16:37:52'),
(203, 'Mohamed Asif', '7', 2, '2017-05-04 16:38:23', '2017-05-04 16:38:23'),
(204, 'Mohamed Rasheed', '8', 2, '2017-05-04 16:38:51', '2017-05-04 16:38:51'),
(205, 'Ibrahim Rasheed', '9', 2, '2017-05-04 16:39:05', '2017-05-04 16:39:05'),
(206, 'Abdul Mueedh Ibrahim', '10', 2, '2017-05-04 16:39:19', '2017-05-04 16:39:19'),
(207, 'Ahmed Zahuna', '11', 2, '2017-05-04 16:39:27', '2017-05-04 16:39:27'),
(208, 'Mohamed Mafaz', '12', 1, '2017-05-04 16:39:35', '2017-05-04 16:39:35'),
(209, 'Mohamed Siyaz', '1', 2, '2017-05-04 16:40:08', '2017-05-04 16:40:08'),
(210, 'Adam Ghufran', '2', 1, '2017-05-04 16:40:22', '2017-05-04 16:40:22'),
(211, 'Mohamed Adam Manik', '3', 1, '2017-05-04 16:40:32', '2017-05-04 16:40:32'),
(212, 'Aishath Mizna', '4', 2, '2017-05-04 16:40:44', '2017-05-04 16:40:44'),
(213, 'Aminath Ismail', '5', 1, '2017-05-04 16:40:53', '2017-05-04 16:40:53'),
(214, 'Adam Khaleel', '6', 2, '2017-05-04 16:41:01', '2017-05-04 16:41:01'),
(215, 'Mohamed Zaki', '1', 2, '2017-05-04 16:41:13', '2017-05-04 16:41:13'),
(216, 'Abdhullah Raoof', '2', 2, '2017-05-04 16:41:27', '2017-05-04 16:41:27'),
(217, 'Ahmed Shamoon', '3', 1, '2017-05-04 16:41:36', '2017-05-04 16:41:36'),
(218, 'Mohamed Waheedh Hassan', '4', 2, '2017-05-04 16:41:47', '2017-05-04 16:41:47'),
(219, 'Abdhullah Areef', '1', 2, '2017-05-04 16:42:00', '2017-05-04 16:42:00'),
(220, 'Ahmed Firaq', '2', 1, '2017-05-04 16:42:08', '2017-05-04 16:42:08'),
(221, 'Ali Hashim', '3', 1, '2017-05-04 16:42:17', '2017-05-04 16:42:17'),
(222, 'Zuhura', '4', 1, '2017-05-04 16:42:26', '2017-05-04 16:42:26'),
(223, 'Suhail Rasheed', '5', 2, '2017-05-04 16:42:39', '2017-05-04 16:42:39'),
(224, 'Fathih Aboobakuru', '6', 2, '2017-05-04 16:43:03', '2017-05-04 16:43:03'),
(225, 'Moosa Latheef', '7', 1, '2017-05-04 16:43:20', '2017-05-04 16:43:20'),
(226, 'Mohamed Hashim', '8', 1, '2017-05-04 16:43:29', '2017-05-04 16:43:29'),
(227, 'Adam Zuhair', '9', 2, '2017-05-04 16:43:40', '2017-05-04 16:43:40'),
(228, 'Aminath Nahula', '10', 2, '2017-05-04 16:43:51', '2017-05-04 16:43:51'),
(229, 'Mohamed Moosa', '1', 2, '2017-05-04 16:44:01', '2017-05-04 16:44:01'),
(230, 'Mohamed Irushadh', '2', 2, '2017-05-04 16:44:10', '2017-05-04 16:44:10'),
(231, 'Abdul Sattar Dawood', '3', 2, '2017-05-04 16:44:22', '2017-05-04 16:44:22'),
(232, 'Mohamed Jaufar', '4', 3, '2017-05-04 16:44:30', '2017-05-04 16:44:30'),
(233, 'Mohamed Nafiu', '5', 1, '2017-05-04 16:44:38', '2017-05-04 16:44:38'),
(234, 'Mohamed Falah', '6', 1, '2017-05-04 16:44:46', '2017-05-04 16:44:46'),
(235, 'Adam Khaleel', '7', 6, '2017-05-04 16:44:58', '2017-05-04 16:44:58'),
(236, 'Abdul Rahmaan Hassan', '1', 6, '2017-05-04 16:45:14', '2017-05-04 16:45:14'),
(237, 'Hassan Ahmed', '2', 2, '2017-05-04 16:45:25', '2017-05-04 16:45:25'),
(238, 'Mohamed Hameed', '3', 6, '2017-05-04 16:45:38', '2017-05-04 16:45:38'),
(239, 'Ahmed Shafiu', '4', 6, '2017-05-04 16:45:48', '2017-05-04 16:45:48'),
(240, 'Abdul Kareem Abdul Rahman', '5', 6, '2017-05-04 16:46:02', '2017-05-04 16:46:02'),
(241, 'Jeelan Haaroon', '6', 6, '2017-05-04 16:46:12', '2017-05-04 16:46:12'),
(242, 'Ahmed Shareef', '7', 6, '2017-05-04 16:46:22', '2017-05-04 16:46:22'),
(243, 'Abdul Hameed Abdul Sattar', '8', 6, '2017-05-04 16:46:35', '2017-05-04 16:46:35'),
(244, 'Ali Mohamed', '1', 2, '2017-05-04 16:46:48', '2017-05-04 16:46:48'),
(245, 'Ahmed Niyaz', '2', 1, '2017-05-04 16:46:56', '2017-05-04 16:46:56'),
(246, 'Fathimath Fazeeha', '3', 1, '2017-05-04 16:47:07', '2017-05-04 16:47:07'),
(247, 'Aishath Asifa', '4', 1, '2017-05-04 16:47:15', '2017-05-04 16:47:15'),
(248, 'Ibrahim Rasheed', '5', 2, '2017-05-04 16:47:26', '2017-05-04 16:47:26'),
(249, 'Abdhullah Rasheed', '1', 2, '2017-05-04 16:47:44', '2017-05-04 16:47:44'),
(250, 'Mohamed Adam', '2', 2, '2017-05-04 16:47:55', '2017-05-04 16:47:55'),
(251, 'Asrar Adam', '4', 2, '2017-05-04 16:48:16', '2017-05-04 16:48:16'),
(252, 'Mohamed Shujau', '5', 6, '2017-05-04 16:48:29', '2017-05-04 16:48:29'),
(253, 'Farhath Sameer', '1', 2, '2017-05-04 16:48:45', '2017-05-04 16:48:45'),
(254, 'Hassan Ziyadh', '2', 2, '2017-05-04 16:48:53', '2017-05-04 16:48:53'),
(255, 'Hussain Rasheed', '3', 1, '2017-05-04 16:49:02', '2017-05-04 16:49:02'),
(256, 'Ibrahim Raoof', '4', 6, '2017-05-04 16:49:16', '2017-05-04 16:49:16'),
(257, 'Mohamed Nisham', '5', 1, '2017-05-04 16:49:24', '2017-05-04 16:49:24'),
(258, 'Abdhullah Mufeedh', '6', 2, '2017-05-04 16:49:34', '2017-05-04 16:49:34'),
(259, 'Asrar Abhullah', '7', 1, '2017-05-04 16:49:45', '2017-05-04 16:49:45'),
(260, 'Asif Abdhullah', '1', 2, '2017-05-04 16:50:00', '2017-05-04 16:50:00'),
(261, 'Aminath Hassan', '2', 1, '2017-05-04 16:50:08', '2017-05-04 16:50:08'),
(262, 'Ahmed Shahidh', '3', 1, '2017-05-04 16:50:16', '2017-05-04 16:50:16'),
(263, 'Mohamed Abdul Hakeem', '4', 1, '2017-05-04 16:50:26', '2017-05-04 16:50:26'),
(264, 'Ahmed Mauroof', '5', 2, '2017-05-04 16:50:35', '2017-05-04 16:50:35'),
(265, 'Hussain Noorahdheen', '6', 6, '2017-05-04 16:50:51', '2017-05-04 16:50:51'),
(266, 'Ali Shameem', '7', 2, '2017-05-04 16:51:02', '2017-05-04 16:51:02'),
(267, 'Ahmed Thahir', '8', 6, '2017-05-04 16:51:14', '2017-05-04 16:51:14'),
(268, 'Hassan Saleem', '1', 1, '2017-05-04 16:56:24', '2017-05-04 16:56:24'),
(269, 'Abdul Salaam Ali', '2', 6, '2017-05-04 16:56:39', '2017-05-04 16:56:39'),
(270, 'Hassan Jaufar', '3', 2, '2017-05-04 16:56:53', '2017-05-04 16:56:53'),
(271, 'Arifa Abdhullah', '4', 2, '2017-05-04 16:57:20', '2017-05-04 16:57:20'),
(272, 'Nisham Ali', '5', 2, '2017-05-04 16:57:30', '2017-05-04 16:57:30'),
(273, 'Abdhul Sattar Hassan', '6', 6, '2017-05-04 16:57:45', '2017-05-04 16:57:45'),
(274, 'Musthafa Saleem', '7', 6, '2017-05-04 16:57:56', '2017-05-04 16:57:56'),
(275, 'Thaha Ibrahim', '1', 2, '2017-05-04 16:58:15', '2017-05-04 16:58:15'),
(276, 'Hussain Nashidh', '2', 1, '2017-05-04 16:58:24', '2017-05-04 16:58:24'),
(277, 'Abdhul Raheem Mohamed', '3', 2, '2017-05-04 16:58:38', '2017-05-04 16:58:38'),
(278, 'Shaheena Mohamed', '4', 1, '2017-05-04 16:58:51', '2017-05-04 16:58:51'),
(279, 'Hassan Rasheed', '5', 6, '2017-05-04 16:59:02', '2017-05-04 16:59:02'),
(280, 'Ahmed Mohamed', '6', 2, '2017-05-04 16:59:11', '2017-05-04 16:59:11'),
(281, 'Ismail Madheeh', '7', 1, '2017-05-04 16:59:21', '2017-05-04 16:59:21'),
(282, 'Ibrahim Waheedh Yoosuf', '1', 6, '2017-05-04 16:59:40', '2017-05-04 16:59:40'),
(283, 'Hussain Nasih', '2', 2, '2017-05-04 16:59:53', '2017-05-04 16:59:53'),
(284, 'Fathimath Rasheedha', '3', 1, '2017-05-04 17:00:13', '2017-05-04 17:00:13'),
(285, 'Hassan Ziyadh', '4', 6, '2017-05-04 17:00:25', '2017-05-04 17:00:25'),
(286, 'Ahmed Niyaz', '5', 1, '2017-05-04 17:00:35', '2017-05-04 17:00:35'),
(287, 'Hussain Sameer', '6', 2, '2017-05-04 17:00:49', '2017-05-04 17:00:49'),
(288, 'Mohamed Aslam', '7', 6, '2017-05-04 17:00:58', '2017-05-04 17:00:58'),
(289, 'Ahmed Faiz', '8', 2, '2017-05-04 17:01:09', '2017-05-04 17:01:09'),
(290, 'Mohamed Waheedh', '1', 2, '2017-05-04 17:01:32', '2017-05-04 17:01:32'),
(291, 'Mohamed Aruzan', '2', 2, '2017-05-04 17:01:48', '2017-05-04 17:01:48'),
(292, 'Hussain Firaq', '3', 2, '2017-05-04 17:01:58', '2017-05-04 17:01:58'),
(293, 'Ahmed Hassan', '4', 6, '2017-05-04 17:02:07', '2017-05-04 17:02:07'),
(294, 'Mohamed Usman', '5', 1, '2017-05-04 17:02:21', '2017-05-04 17:02:21'),
(295, 'Ahmed Riyaz', '1', 1, '2017-05-04 17:02:39', '2017-05-04 17:02:39'),
(296, 'Yahya Ibrahim', '2', 6, '2017-05-04 17:03:00', '2017-05-04 17:03:00'),
(297, 'Ahmed Waheed', '3', 2, '2017-05-04 17:03:15', '2017-05-04 17:03:15'),
(298, 'Ahmed Ibrahim', '4', 6, '2017-05-04 17:03:26', '2017-05-04 17:03:26'),
(299, 'Mohamed Hassan', '5', 2, '2017-05-04 17:03:35', '2017-05-04 17:03:35'),
(300, 'Abdul Kareem Abdul Rahmaan', '6', 2, '2017-05-04 17:03:57', '2017-05-04 17:03:57'),
(301, 'Asma Khalidh', '7', 1, '2017-05-04 17:04:08', '2017-05-04 17:04:08'),
(302, 'Ahmed Mazin', '1', 2, '2017-05-04 17:04:29', '2017-05-04 17:04:29'),
(303, 'Abdul Hameed Hussain', '2', 3, '2017-05-04 17:04:42', '2017-05-04 17:04:42'),
(304, 'Ahmed Ayaz', '3', 2, '2017-05-04 17:04:50', '2017-05-04 17:04:50'),
(305, 'Mohamed Ilham', '4', 6, '2017-05-04 17:05:00', '2017-05-04 17:05:00'),
(306, 'Farooq Adam', '5', 3, '2017-05-04 17:05:15', '2017-05-04 17:05:15'),
(307, 'Fathimath Mamdhoodha', '6', 1, '2017-05-04 17:05:26', '2017-05-04 17:05:26'),
(308, 'Mohamed Rasheed', '7', 1, '2017-05-04 17:05:36', '2017-05-04 17:05:36'),
(309, 'Ibrahim Nazim', '8', 6, '2017-05-04 17:05:46', '2017-05-04 17:05:46'),
(310, 'Abdul Raheem Hussain', '1', 1, '2017-05-04 17:06:01', '2017-05-04 17:06:01'),
(311, 'Abdullah Rasheed', '2', 3, '2017-05-04 17:06:10', '2017-05-04 17:06:10'),
(312, 'Ahmed Rasheed Adam', '3', 6, '2017-05-04 17:06:22', '2017-05-04 17:06:22'),
(313, 'Abdullah Shareef', '4', 1, '2017-05-04 17:06:37', '2017-05-04 17:06:37'),
(314, 'Ali Abdul Kareem', '5', 1, '2017-05-04 17:06:46', '2017-05-04 17:06:46'),
(315, 'Mohamed Hussain', '6', 6, '2017-05-04 17:06:55', '2017-05-04 17:06:55'),
(316, 'Ibrahim Rasheed', '7', 3, '2017-05-04 17:07:06', '2017-05-04 17:07:06'),
(317, 'Abdul Raheem Mohamed', '8', 2, '2017-05-04 17:07:16', '2017-05-04 17:07:16'),
(318, 'Ibrahim Naseer', '9', 2, '2017-05-04 17:07:27', '2017-05-04 17:07:27'),
(319, 'Ahmed Mujthaba', '1', 1, '2017-05-04 17:07:44', '2017-05-04 17:07:44'),
(320, 'Abdul Fathaah Aboobakuru', '2', 2, '2017-05-04 17:08:10', '2017-05-04 17:08:10'),
(321, 'Mariyam Jawadha', '3', 1, '2017-05-04 17:08:24', '2017-05-04 17:08:24'),
(322, 'Mohamed Afrah', '4', 2, '2017-05-04 17:08:50', '2017-05-04 17:08:50'),
(323, 'Ismail Asif', '5', 2, '2017-05-04 17:08:59', '2017-05-04 17:08:59'),
(324, 'Mohamed Shaafee', '6', 1, '2017-05-04 17:09:10', '2017-05-04 17:09:10'),
(325, 'Habeeba Ahmed', '1', 6, '2017-05-04 17:09:29', '2017-05-04 17:09:29'),
(326, 'Abdul Latheef Hassan', '2', 1, '2017-05-04 17:09:40', '2017-05-04 17:09:40'),
(327, 'Ahmed Sameer', '3', 2, '2017-05-04 17:09:49', '2017-05-04 17:09:49'),
(328, 'Hassan Shafaan', '4', 2, '2017-05-04 17:10:05', '2017-05-04 17:10:05'),
(329, 'Ibrahim Abbas', '5', 2, '2017-05-04 17:10:19', '2017-05-04 17:10:19'),
(330, 'Mohamed Fawaz', '6', 1, '2017-05-04 17:10:38', '2017-05-04 17:10:38'),
(331, 'Zakariyya Adam', '7', 3, '2017-05-04 17:10:47', '2017-05-04 17:10:47'),
(332, 'Aminath Majeedha', '8', 2, '2017-05-04 17:10:56', '2017-05-04 17:10:56'),
(333, 'Sama Ali', '9', 1, '2017-05-04 17:11:05', '2017-05-04 17:11:05'),
(334, 'Adam Shareef Mohamed', '10', 6, '2017-05-04 17:11:21', '2017-05-04 17:11:21'),
(335, 'Nizar Moosa', '11', 6, '2017-05-04 17:11:32', '2017-05-04 17:11:32'),
(336, 'Ahmed Mohamed', '12', 1, '2017-05-04 17:11:40', '2017-05-04 17:11:40'),
(337, 'Shiuna Adam', '13', 2, '2017-05-04 17:11:51', '2017-05-04 17:11:51'),
(338, 'Ali Hashim', '14', 1, '2017-05-04 17:12:04', '2017-05-04 17:12:04'),
(339, 'Ameen Mohamed', '1', 1, '2017-05-04 17:12:17', '2017-05-04 17:12:17'),
(340, 'Ali Anwar', '2', 1, '2017-05-04 17:12:32', '2017-05-04 17:12:32'),
(341, 'Seema Abdul Raheem', '3', 2, '2017-05-04 17:12:43', '2017-05-04 17:12:43'),
(342, 'Ali Qasim', '4', 1, '2017-05-04 17:12:53', '2017-05-04 17:12:53'),
(343, 'farhaan Abdul Hameed', '5', 2, '2017-05-04 17:13:05', '2017-05-04 17:13:05'),
(344, 'Akram Abdullah Naseer', '6', 2, '2017-05-04 17:13:17', '2017-05-04 17:13:17'),
(345, 'Abdullah Rasheed', '7', 6, '2017-05-04 17:13:34', '2017-05-04 17:13:34'),
(346, 'Ahmed Mujthaba', '8', 3, '2017-05-04 17:13:48', '2017-05-04 17:13:48'),
(347, 'Mohamed Shaaneez', '1', 1, '2017-05-04 17:14:10', '2017-05-04 17:14:10'),
(348, 'Mohamed Zahir', '2', 2, '2017-05-04 17:14:21', '2017-05-04 17:14:21'),
(349, 'Ali Adam', '3', 6, '2017-05-04 17:14:30', '2017-05-04 17:14:30'),
(350, 'Adam Shifan', '4', 1, '2017-05-04 17:14:39', '2017-05-04 17:14:39'),
(351, 'Ibrahim Maooz', '5', 6, '2017-05-04 17:14:51', '2017-05-04 17:14:51'),
(352, 'Mohamed Nishan', '6', 3, '2017-05-04 17:14:59', '2017-05-04 17:14:59'),
(353, 'Hassan Azneem', '7', 1, '2017-05-04 17:15:13', '2017-05-04 17:15:13'),
(354, 'Abdhullah Wafir', '1', 1, '2017-05-04 17:15:26', '2017-05-04 17:15:26'),
(355, 'Ibrahim Waseem', '2', 6, '2017-05-04 17:15:37', '2017-05-04 17:15:37'),
(356, 'Ahmed Naseem', '3', 1, '2017-05-04 17:15:47', '2017-05-04 17:15:47'),
(357, 'Ahmed Waheed', '4', 2, '2017-05-04 17:16:04', '2017-05-04 17:16:04'),
(358, 'Ahmed Muzhir', '5', 2, '2017-05-04 17:16:20', '2017-05-04 17:16:20'),
(359, 'Ibrahim Mohamed', '6', 1, '2017-05-04 17:16:32', '2017-05-04 17:16:32'),
(360, 'Mohamed Inaz', '8', 6, '2017-05-04 17:16:44', '2017-05-04 17:16:44'),
(361, 'Mohamed Shakir', '1', 2, '2017-05-04 17:16:57', '2017-05-04 17:16:57'),
(362, 'Ali Shareef', '2', 6, '2017-05-04 17:17:08', '2017-05-04 17:17:08'),
(363, 'Ahmed Wafir', '3', 2, '2017-05-04 17:17:19', '2017-05-04 17:17:19'),
(364, 'Hussain Saamee', '4', 1, '2017-05-04 17:17:28', '2017-05-04 17:17:28'),
(365, 'Ali Nasir', '5', 1, '2017-05-04 17:17:38', '2017-05-04 17:17:38'),
(366, 'Hamidh Ibrahim', '6', 1, '2017-05-04 17:17:48', '2017-05-04 17:17:48'),
(367, 'Mohamed Shakeeb', '7', 6, '2017-05-04 17:18:10', '2017-05-04 17:18:10'),
(369, 'Hamza Abdul Kareem', '8', 2, '2017-05-04 17:18:48', '2017-05-04 17:18:48'),
(370, 'Mohamed Saeedh', '1', 2, '2017-05-04 17:21:49', '2017-05-04 17:21:49'),
(371, 'Mohamed Fahumee', '2', 1, '2017-05-04 17:21:59', '2017-05-04 17:21:59'),
(372, 'Aminath Ahmed', '3', 2, '2017-05-04 17:22:19', '2017-05-04 17:22:19'),
(373, 'Adam Ali', '4', 2, '2017-05-04 17:22:35', '2017-05-04 17:22:35'),
(374, 'Hussain Nabeel', '5', 1, '2017-05-04 17:22:45', '2017-05-04 17:22:45'),
(375, 'Aishath Sama', '1', 2, '2017-05-04 17:23:01', '2017-05-04 17:23:01'),
(376, 'Ahmed Adhil', '2', 2, '2017-05-04 17:23:14', '2017-05-04 17:23:14'),
(377, 'Hassan Abdhullah', '3', 3, '2017-05-04 17:23:27', '2017-05-04 17:23:27'),
(378, 'Ahmed Vishan', '4', 2, '2017-05-04 17:23:38', '2017-05-04 17:23:38'),
(379, 'Mohamed Naif', '5', 1, '2017-05-04 17:23:48', '2017-05-04 17:23:48'),
(380, 'Muawiyath Hussain', '6', 1, '2017-05-04 17:24:00', '2017-05-04 17:24:00'),
(381, 'Rukhusana Hassan', '7', 3, '2017-05-04 17:24:20', '2017-05-04 17:24:20'),
(382, 'Aayathullah Abdul Razzaq', '8', 1, '2017-05-04 17:24:35', '2017-05-04 17:24:35'),
(383, 'Mohamed Areen', '9', 3, '2017-05-04 17:24:46', '2017-05-04 17:24:46'),
(384, 'Ahmed Waheed', '1', 2, '2017-05-04 17:25:08', '2017-05-04 17:25:08'),
(385, 'Hussain Shaah', '2', 2, '2017-05-04 17:25:19', '2017-05-04 17:25:19'),
(386, 'Ibrahim Rifaz', '3', 1, '2017-05-04 17:25:34', '2017-05-04 17:25:34'),
(387, 'Ibrahim Shahidh', '4', 2, '2017-05-04 17:25:45', '2017-05-04 17:25:45'),
(388, 'Ali Naseem', '5', 1, '2017-05-04 17:25:53', '2017-05-04 17:25:53'),
(389, 'Mohamed Shifan', '6', 1, '2017-05-04 17:26:04', '2017-05-04 17:26:04'),
(390, 'Mohamed Zameer', '1', 2, '2017-05-04 17:26:18', '2017-05-04 17:26:18'),
(391, 'Mohamed Musthafa Ismail', '2', 2, '2017-05-04 17:26:29', '2017-05-04 17:26:29'),
(392, 'Hamidh Yoosuf', '3', 2, '2017-05-04 17:26:40', '2017-05-04 17:26:40'),
(393, 'Mohamed Rashaadh', '4', 3, '2017-05-04 17:26:52', '2017-05-04 17:26:52'),
(394, 'Mohamed Shukuree', '5', 6, '2017-05-04 17:27:03', '2017-05-04 17:27:03'),
(395, 'Ali Waheedh', '1', 6, '2017-05-04 17:27:15', '2017-05-04 17:27:15'),
(396, 'Abdhullah Naseer', '2', 6, '2017-05-04 17:27:24', '2017-05-04 17:27:24'),
(397, 'Abdul Shakoor Ibrahim', '3', 6, '2017-05-04 17:27:40', '2017-05-04 17:27:40'),
(398, 'Hussain Moosa', '4', 6, '2017-05-04 17:27:55', '2017-05-04 17:27:55'),
(399, 'Hassan Shujau', '5', 6, '2017-05-04 17:28:12', '2017-05-04 17:28:12'),
(400, 'Ahmed Shameem', '6', 6, '2017-05-04 17:28:27', '2017-05-04 17:28:27'),
(401, 'Adhnan Ali', '7', 6, '2017-05-04 17:28:43', '2017-05-04 17:28:43'),
(402, 'Ibrahim Rasheed', '8', 2, '2017-05-04 17:28:54', '2017-05-04 17:28:54'),
(403, 'Ahmed Adhil', '9', 6, '2017-05-04 17:29:04', '2017-05-04 17:29:04'),
(404, 'Ahmed Rasheedh', '10', 2, '2017-05-04 17:29:15', '2017-05-04 17:29:15'),
(405, 'Mohamed Ibrahim Waheedh', '11', 2, '2017-05-04 17:29:27', '2017-05-04 17:29:27'),
(406, 'Hassan Zareer', '1', 3, '2017-05-04 17:29:45', '2017-05-04 17:29:45'),
(407, 'Adam Saleem', '2', 1, '2017-05-04 17:29:55', '2017-05-04 17:29:55'),
(408, 'Ahmed Shareef', '3', 2, '2017-05-04 17:30:07', '2017-05-04 17:30:07'),
(409, 'Ahmed Nafiz', '4', 1, '2017-05-04 17:30:16', '2017-05-04 17:30:16'),
(410, 'Ahmed Faisal', '5', 1, '2017-05-04 17:30:30', '2017-05-04 17:30:30'),
(411, 'Abdhullah Ziyadh', '6', 2, '2017-05-04 17:30:44', '2017-05-04 17:30:44'),
(412, 'Aslam Ismail', '7', 2, '2017-05-04 17:30:54', '2017-05-04 17:30:54'),
(413, 'Ahmed Hameedh', '1', 2, '2017-05-04 17:31:11', '2017-05-04 17:31:11'),
(414, 'Mohamed Shiyam', '2', 6, '2017-05-04 17:31:22', '2017-05-04 17:31:22'),
(416, 'Ahmed Anwar', '3', 2, '2017-05-04 17:32:24', '2017-05-04 17:32:24'),
(417, 'Mohamed Raashidh', '4', 1, '2017-05-04 17:32:38', '2017-05-04 17:32:38'),
(418, 'Hussain Fareedh', '5', 1, '2017-05-04 17:32:49', '2017-05-04 17:32:49'),
(419, 'Ahmed Sobah', '6', 3, '2017-05-04 17:33:06', '2017-05-04 17:33:06'),
(420, 'Ahmed Asif', '7', 1, '2017-05-04 17:33:19', '2017-05-04 17:33:19'),
(421, 'Mohamed Nizar', '1', 6, '2017-05-04 17:33:38', '2017-05-04 17:33:38'),
(422, 'Abdullah Azmee', '2', 2, '2017-05-04 17:33:49', '2017-05-04 17:33:49'),
(423, 'Hassan Zareer', '3', 3, '2017-05-04 17:34:01', '2017-05-04 17:34:01'),
(424, 'Ahmed Wajeef', '4', 2, '2017-05-04 17:34:13', '2017-05-04 17:34:13'),
(425, 'Abdhullah Jameel', '5', 1, '2017-05-04 17:34:24', '2017-05-04 17:34:24'),
(426, 'Mohamed Siraj', '6', 1, '2017-05-04 17:34:39', '2017-05-04 17:34:39'),
(427, 'Ali Shareef', '7', 6, '2017-05-04 17:34:49', '2017-05-04 17:34:49'),
(428, 'Musthafa Moosa', '8', 1, '2017-05-04 17:34:58', '2017-05-04 17:34:58'),
(429, 'Ahmed Arif', '9', 2, '2017-05-04 17:35:08', '2017-05-04 17:35:08'),
(430, 'Hussain Siraj', '10', 6, '2017-05-04 17:35:22', '2017-05-04 17:35:22'),
(431, 'Masoodh Waheedh', '1', 6, '2017-05-04 17:35:38', '2017-05-04 17:35:38'),
(432, 'Abdhullah Amir', '2', 2, '2017-05-04 17:35:48', '2017-05-04 17:35:48'),
(433, 'Abdul Azeez Mohamed Waheed', '3', 1, '2017-05-04 17:36:02', '2017-05-04 17:36:02'),
(435, 'Reehan Adam Saleem', '4', 6, '2017-05-04 17:36:39', '2017-05-04 17:36:39'),
(436, 'Ahmed Abrar Mohamed', '5', 2, '2017-05-04 17:36:57', '2017-05-04 17:36:57'),
(437, 'Hafizullah', '6', 2, '2017-05-04 17:37:11', '2017-05-04 17:37:11'),
(438, 'Abdul Razzaq Abdul Haadhee', '7', 1, '2017-05-04 17:37:24', '2017-05-04 17:37:24'),
(439, 'Abdhullah Waseem', '1', 1, '2017-05-04 17:37:50', '2017-05-04 17:37:50'),
(440, 'Ali Zahir', '2', 1, '2017-05-04 17:38:00', '2017-05-04 17:38:00'),
(441, 'Abdullah Shanoon', '3', 2, '2017-05-04 17:38:11', '2017-05-04 17:38:11'),
(442, 'Abdul Ghanee Ibrahim', '4', 1, '2017-05-04 17:38:25', '2017-05-04 17:38:25'),
(443, 'Mohamed Shujuan', '1', 2, '2017-05-04 17:38:55', '2017-05-04 17:38:55'),
(444, 'Ahmed Riffath', '2', 1, '2017-05-04 17:39:04', '2017-05-04 17:39:04'),
(445, 'Mohamed Arif Ahmed', '3', 1, '2017-05-04 17:39:18', '2017-05-04 17:39:18'),
(446, 'Mohamed Mufeedh', '4', 1, '2017-05-04 17:39:30', '2017-05-04 17:39:30'),
(447, 'Ibrahim Abdhullah', '5', 2, '2017-05-04 17:39:45', '2017-05-04 17:39:45'),
(448, 'Ismail Shaheem', '6', 2, '2017-05-04 17:39:58', '2017-05-04 17:39:58'),
(449, 'Haaree Mohamed', '1', 1, '2017-05-04 17:40:15', '2017-05-04 17:40:15'),
(450, 'Abdhullah Hameed', '2', 2, '2017-05-04 17:40:24', '2017-05-04 17:40:24'),
(451, 'Salma Abdul Samadh', '3', 1, '2017-05-04 17:40:44', '2017-05-04 17:40:44'),
(452, 'Adam Saleem', '4', 2, '2017-05-04 17:40:59', '2017-05-04 17:40:59'),
(453, 'Hassan Firdhaus', '5', 1, '2017-05-04 17:41:16', '2017-05-04 17:41:16'),
(454, 'Mohamed Ibrahim Waheedh', '6', 2, '2017-05-04 17:41:33', '2017-05-04 17:41:33'),
(455, 'Ahmed Ibrahim Fulhu', '1', 2, '2017-05-04 17:41:48', '2017-05-04 17:41:48'),
(456, 'Adam Shareef', '2', 6, '2017-05-04 17:41:59', '2017-05-04 17:41:59'),
(457, 'Ahmed Nazeer', '3', 2, '2017-05-04 17:42:14', '2017-05-04 17:42:14'),
(458, 'Ali Khalidh', '4', 2, '2017-05-04 17:42:26', '2017-05-04 17:42:26'),
(459, 'Mohamed Alifulhu', '5', 6, '2017-05-04 17:42:37', '2017-05-04 17:42:37'),
(460, 'Ali Rasheedh', '1', 3, '2017-05-04 17:42:48', '2017-05-04 17:42:48'),
(461, 'Mohamed Saeedh', '2', 1, '2017-05-04 17:42:58', '2017-05-04 17:42:58'),
(462, 'Abdhullah Faiz', '3', 1, '2017-05-04 17:43:07', '2017-05-04 17:43:07'),
(463, 'Ahmed Shiyam', '4', 1, '2017-05-04 17:43:25', '2017-05-04 17:43:25'),
(464, 'Abdhullah Athif', '5', 2, '2017-05-04 17:43:41', '2017-05-04 17:43:41'),
(465, 'Mohamed Azim', '6', 2, '2017-05-04 17:43:56', '2017-05-04 17:43:56'),
(466, 'Hussain Yazmeen', '7', 2, '2017-05-04 17:44:09', '2017-05-04 17:44:09'),
(467, 'Hussain Shifaz', '1', 6, '2017-05-04 17:45:11', '2017-05-04 17:45:11'),
(468, 'Abdhullah Sulaimaan', '2', 6, '2017-05-04 17:45:25', '2017-05-04 17:45:25'),
(469, 'Ahmed Abdhullah', '3', 6, '2017-05-04 17:45:43', '2017-05-04 17:45:43'),
(470, 'Hussain Aboobakuru', '4', 5, '2017-05-04 17:46:01', '2017-05-04 17:46:01'),
(471, 'Mohamed Aboobakuru', '5', 6, '2017-05-04 17:46:18', '2017-05-04 17:46:18'),
(472, 'Adam Sameer', '6', 5, '2017-05-04 17:46:35', '2017-05-04 17:46:35'),
(473, 'Ahmed Arif', '1', 5, '2017-05-04 17:46:51', '2017-05-04 17:46:51'),
(474, 'Aishath Natheela', '2', 5, '2017-05-04 17:47:11', '2017-05-04 17:47:11'),
(475, 'Ali Shameem', '3', 1, '2017-05-04 17:47:25', '2017-05-04 17:47:25'),
(476, 'Yasir Ibrahim', '4', 6, '2017-05-04 17:47:37', '2017-05-04 17:47:37'),
(477, 'Saffwath Ahmed', '5', 5, '2017-05-04 17:47:55', '2017-05-04 17:47:55'),
(478, 'Ahmed Rashidh', '6', 1, '2017-05-04 17:48:10', '2017-05-04 17:48:10'),
(479, 'Mariyam Rifasha', '7', 1, '2017-05-04 17:48:24', '2017-05-04 17:48:24'),
(480, 'Moosa Haleem', '8', 6, '2017-05-04 17:48:34', '2017-05-04 17:48:34'),
(481, 'Mohamed Shah Moosa', '1', 5, '2017-05-04 17:48:58', '2017-05-04 17:48:58'),
(482, 'Hassan Abdul Raheem', '2', 1, '2017-05-04 17:49:12', '2017-05-04 17:49:12'),
(483, 'Ibrahim Hassan', '3', 1, '2017-05-04 17:49:22', '2017-05-04 17:49:22'),
(484, 'Afeef Eesa', '4', 5, '2017-05-04 17:49:33', '2017-05-04 17:49:33'),
(485, 'Ahmed Riushan', '5', 5, '2017-05-04 17:49:46', '2017-05-04 17:49:46'),
(486, 'Ali Hussain', '6', 1, '2017-05-04 17:50:02', '2017-05-04 17:50:02'),
(487, 'Ahmed Umair', '1', 5, '2017-05-04 17:50:22', '2017-05-04 17:50:22'),
(488, 'Jazlaan Adam', '2', 1, '2017-05-04 17:50:33', '2017-05-04 17:50:33'),
(489, 'Nishan Qasim', '3', 5, '2017-05-04 17:50:43', '2017-05-04 17:50:43'),
(490, 'Mohamed Rameez', '4', 1, '2017-05-04 17:50:53', '2017-05-04 17:50:53'),
(491, 'Hassan Mohamed', '5', 1, '2017-05-04 17:51:02', '2017-05-04 17:51:02'),
(492, 'Hussain Sabree', '6', 5, '2017-05-04 17:51:18', '2017-05-04 17:51:18'),
(493, 'Mariyam Yoosuf', '1', 1, '2017-05-04 17:51:33', '2017-05-04 17:51:33'),
(494, 'Ismail Ibrahim', '2', 5, '2017-05-04 17:51:47', '2017-05-04 17:51:47'),
(495, 'Fazeel Hassan', '3', 5, '2017-05-04 17:52:06', '2017-05-04 17:52:06'),
(496, 'Shinan Abdul Ghanee', '4', 2, '2017-05-04 17:52:17', '2017-05-04 17:52:17'),
(497, 'Ibrahim Zakariyya', '5', 1, '2017-05-04 17:52:32', '2017-05-04 17:52:32'),
(498, 'Fareedha Umar', '6', 3, '2017-05-04 17:52:47', '2017-05-04 17:52:47'),
(499, 'Abdhullah Arif', '7', 1, '2017-05-04 17:52:59', '2017-05-04 17:52:59'),
(500, 'Muslim Mohamed', '1', 5, '2017-05-04 17:53:17', '2017-05-04 17:53:17'),
(501, 'Loosiyan Abdul Rahman', '2', 2, '2017-05-04 17:53:36', '2017-05-04 17:53:36'),
(502, 'Ali Ahmed', '3', 1, '2017-05-04 17:53:51', '2017-05-04 17:53:51'),
(503, 'Ahmed Abdul Majeedh', '4', 5, '2017-05-04 17:54:06', '2017-05-04 17:54:06'),
(504, 'Abdul Majidh Ali', '5', 1, '2017-05-04 17:54:20', '2017-05-04 17:54:20'),
(505, 'Musthafa Adam', '6', 6, '2017-05-04 17:54:35', '2017-05-04 17:54:35'),
(506, 'Mohamed Ameen', '7', 6, '2017-05-04 17:54:51', '2017-05-04 17:54:51'),
(507, 'Zakariyya Mohamed Fulhu', '8', 1, '2017-05-04 17:55:11', '2017-05-04 17:55:11'),
(508, 'Abdhullah Adam', '9', 6, '2017-05-04 17:55:35', '2017-05-04 17:55:35'),
(509, 'Hussain Afeef Ibrahim', '1', 2, '2017-05-04 17:55:53', '2017-05-04 17:55:53'),
(510, 'Abdhullah Saleem', '2', 1, '2017-05-04 17:56:02', '2017-05-04 17:56:02'),
(511, 'Abdhullah Muaz', '3', 5, '2017-05-04 17:56:14', '2017-05-04 17:56:14'),
(512, 'Qasim Shaheem', '4', 5, '2017-05-04 17:56:25', '2017-05-04 17:56:25'),
(513, 'Fathimath Naeema', '5', 1, '2017-05-04 17:56:39', '2017-05-04 17:56:39'),
(514, 'Ahmed Ibrahim', '1', 5, '2017-05-04 17:56:51', '2017-05-04 17:56:51'),
(515, 'Ahmed Raazee Mohamed', '2', 6, '2017-05-04 17:57:08', '2017-05-04 17:57:08'),
(516, 'Nasrullah Mohamed', '3', 2, '2017-05-04 17:57:25', '2017-05-04 17:57:25'),
(517, 'Adam Sajidh', '4', 1, '2017-05-04 17:57:38', '2017-05-04 17:57:38'),
(518, 'Hussain Ali', '5', 5, '2017-05-04 17:57:49', '2017-05-04 17:57:49'),
(519, 'Abdul Muthalib Abdul Samadh', '6', 1, '2017-05-04 17:58:05', '2017-05-04 17:58:05'),
(520, 'Ilyas Abdul Samadh', '7', 1, '2017-05-04 17:58:18', '2017-05-04 17:58:18'),
(521, 'Aqil Hussain', '1', 5, '2017-05-04 17:58:35', '2017-05-04 17:58:35'),
(522, 'Akram Mohamed', '2', 1, '2017-05-04 17:58:45', '2017-05-04 17:58:45'),
(523, 'Abdul Haleem Ahmed', '3', 1, '2017-05-04 17:58:58', '2017-05-04 17:58:58'),
(524, 'Fathuhullah Naseer', '4', 1, '2017-05-04 17:59:11', '2017-05-04 17:59:11'),
(525, 'Abdul Rahman Yazeedh Saeedh', '1', 5, '2017-05-04 17:59:33', '2017-05-04 17:59:33'),
(526, 'Mohamed Umar', '2', 1, '2017-05-04 17:59:44', '2017-05-04 17:59:44'),
(527, 'Hussain Nazeed', '3', 1, '2017-05-04 18:00:08', '2017-05-04 18:00:08'),
(528, 'Ahmed Rishadh', '4', 1, '2017-05-04 18:00:22', '2017-05-04 18:00:22'),
(529, 'Mohamed Mamdhooh Ibrahim', '5', 5, '2017-05-04 18:00:36', '2017-05-04 18:00:36'),
(530, 'Abdul Rahmaan Sabeeh', '6', 2, '2017-05-04 18:00:53', '2017-05-04 18:00:53'),
(531, 'Mohamed Afrah', '1', 5, '2017-05-04 18:01:09', '2017-05-04 18:01:09'),
(532, 'Mohamed Naseer', '2', 5, '2017-05-04 18:01:19', '2017-05-04 18:01:19'),
(533, 'Ahmed Hamdhoon Nasir', '3', 2, '2017-05-04 18:01:33', '2017-05-04 18:01:33'),
(534, 'Ahmed Irufan', '4', 1, '2017-05-04 18:01:46', '2017-05-04 18:01:46'),
(535, 'Hussain Mohamed', '5', 6, '2017-05-04 18:01:58', '2017-05-04 18:01:58'),
(536, 'Aishath Huzana', '6', 6, '2017-05-04 18:02:23', '2017-05-04 18:02:23'),
(537, 'Ibrahim Naeem', '1', 6, '2017-05-04 18:02:40', '2017-05-04 18:02:40'),
(538, 'Abdhullah Shaamee', '2', 5, '2017-05-04 18:02:57', '2017-05-04 18:02:57'),
(539, 'Imran Ali', '3', 6, '2017-05-04 18:03:08', '2017-05-04 18:03:08'),
(540, 'Ahmed Imrah', '4', 5, '2017-05-04 18:03:19', '2017-05-04 18:03:19'),
(541, 'Ibrahim Qasim', '1', 6, '2017-05-04 18:03:38', '2017-05-04 18:03:38'),
(542, 'Abdhullah Ali', '2', 5, '2017-05-04 18:03:49', '2017-05-04 18:03:49'),
(543, 'Fathimath Rizween', '3', 6, '2017-05-04 18:04:03', '2017-05-04 18:04:03'),
(544, 'Abdhullah Moosa', '4', 3, '2017-05-04 18:04:14', '2017-05-04 18:04:14'),
(545, 'Abdhullah Jailam Naeem', '5', 6, '2017-05-04 18:04:30', '2017-05-04 18:04:30'),
(546, 'Aishath Adam', '6', 5, '2017-05-04 18:04:40', '2017-05-04 18:04:40'),
(547, 'Adam Ali Fulhu', '7', 1, '2017-05-04 18:04:58', '2017-05-04 18:04:58'),
(548, 'Ali Ahmeen', '8', 5, '2017-05-04 18:05:12', '2017-05-04 18:05:12'),
(549, 'Ahmed Jaufar', '9', 1, '2017-05-04 18:05:21', '2017-05-04 18:05:21'),
(550, 'Asma Hussain', '10', 1, '2017-05-04 18:05:31', '2017-05-04 18:05:31'),
(551, 'Yoosuf Ali', '1', 1, '2017-05-04 18:09:18', '2017-05-04 18:09:18'),
(552, 'Abdhullah Raazee', '2', 2, '2017-05-04 18:09:34', '2017-05-04 18:09:34'),
(553, 'Abdhul Rahmaan Yoosuf', '3', 2, '2017-05-04 18:09:48', '2017-05-04 18:09:48'),
(554, 'Aminath Ali', '4', 2, '2017-05-04 18:09:57', '2017-05-04 18:09:57'),
(555, 'Ibrahim Zaheen', '5', 1, '2017-05-04 18:10:11', '2017-05-04 18:10:11'),
(556, 'Ali Azmeen', '6', 1, '2017-05-04 18:10:21', '2017-05-04 18:10:21'),
(557, 'Hussain Ali', '1', 2, '2017-05-04 18:10:34', '2017-05-04 18:10:34'),
(558, 'Ahmed Musthafa', '2', 2, '2017-05-04 18:10:48', '2017-05-04 18:10:48'),
(559, 'Mohamed Shafeeq', '3', 1, '2017-05-04 18:11:04', '2017-05-04 18:11:04'),
(560, 'Mohamed Niyaz', '4', 1, '2017-05-04 18:11:18', '2017-05-04 18:11:18'),
(561, 'Ahmed Firaq', '5', 2, '2017-05-04 18:11:38', '2017-05-04 18:11:38'),
(562, 'Zaheena Ibrahim Manik', '6', 1, '2017-05-04 18:11:54', '2017-05-04 18:11:54'),
(563, 'Ilyas Mahmoodh', '1', 2, '2017-05-04 18:12:12', '2017-05-04 18:12:12'),
(564, 'Ali Najeeb', '2', 1, '2017-05-04 18:12:31', '2017-05-04 18:12:31'),
(565, 'Ali Niyaz', '3', 6, '2017-05-04 18:12:44', '2017-05-04 18:12:44'),
(566, 'Aminath Shifna', '4', 2, '2017-05-04 18:12:56', '2017-05-04 18:12:56'),
(567, 'Mohamed Ibrahim', '5', 1, '2017-05-04 18:13:09', '2017-05-04 18:13:09'),
(568, 'Ali Hameedh', '6', 2, '2017-05-04 18:13:23', '2017-05-04 18:13:23'),
(569, 'Hussain Rashaadh', '7', 1, '2017-05-04 18:13:35', '2017-05-04 18:13:35'),
(570, 'Ahmed Nasheed', '1', 6, '2017-05-04 18:13:49', '2017-05-04 18:13:49'),
(571, 'Qasim Hussain', '2', 6, '2017-05-04 18:14:06', '2017-05-04 18:14:06'),
(572, 'Aminath Shajan', '3', 1, '2017-05-04 18:14:19', '2017-05-04 18:14:19'),
(573, 'Fathimath Hussain Manik', '4', 2, '2017-05-04 18:14:34', '2017-05-04 18:14:34'),
(574, 'Ibrahim Nazeeh', '5', 2, '2017-05-04 18:14:47', '2017-05-04 18:14:47'),
(575, 'Hussain Moosa', '6', 1, '2017-05-04 18:14:55', '2017-05-04 18:14:55'),
(576, 'Mohamed Musthafa', '7', 6, '2017-05-04 18:15:09', '2017-05-04 18:15:09'),
(577, 'Mohamed Shaheen', '8', 1, '2017-05-04 18:15:25', '2017-05-04 18:15:25'),
(578, 'Mohamed Abdhullah', '9', 6, '2017-05-04 18:15:44', '2017-05-04 18:15:44'),
(579, 'Abdhullah Shareef', '1', 1, '2017-05-04 18:16:05', '2017-05-04 18:16:05'),
(580, 'Mohamed Zahir', '2', 3, '2017-05-04 18:16:27', '2017-05-04 18:16:27'),
(581, 'Liusha Naeem', '3', 2, '2017-05-04 18:16:54', '2017-05-04 18:16:54'),
(582, 'Mohamed Ibrahim', '4', 1, '2017-05-04 18:17:08', '2017-05-04 18:17:08'),
(583, 'Ibrahim Shifaz', '5', 2, '2017-05-04 18:17:21', '2017-05-04 18:17:21'),
(584, 'Ali Jawidh', '6', 1, '2017-05-04 18:17:40', '2017-05-04 18:17:40'),
(585, 'Ibrahim Zuhair', '7', 2, '2017-05-04 18:17:52', '2017-05-04 18:17:52'),
(586, 'Hussain Asif', '1', 6, '2017-05-04 18:18:08', '2017-05-04 18:18:08'),
(587, 'Mohamed Aflah', '2', 1, '2017-05-04 18:18:24', '2017-05-04 18:18:24'),
(588, 'Ahmed Riyaz', '3', 2, '2017-05-04 18:18:37', '2017-05-04 18:18:37'),
(589, 'Hussain Fahumy', '4', 3, '2017-05-04 18:18:50', '2017-05-04 18:18:50'),
(590, 'Abdhul Nasir Ali', '5', 3, '2017-05-04 18:19:05', '2017-05-04 18:19:05'),
(591, 'Ali Aiman', '6', 1, '2017-05-04 18:19:13', '2017-05-04 18:19:13'),
(592, 'Ahmed Saeedh', '7', 6, '2017-05-04 18:19:25', '2017-05-04 18:19:25'),
(593, 'Hassan Irufaan', '8', 2, '2017-05-04 18:19:40', '2017-05-04 18:19:40'),
(594, 'Amir Ahmed', '1', 1, '2017-05-04 18:19:57', '2017-05-04 18:19:57'),
(595, 'Ali Fayaz', '2', 1, '2017-05-04 18:20:05', '2017-05-04 18:20:05'),
(596, 'Zuhura Abdhullah', '3', 2, '2017-05-04 18:20:21', '2017-05-04 18:20:21'),
(597, 'Mariyam yasfa', '4', 1, '2017-05-04 18:20:31', '2017-05-04 18:20:31'),
(598, 'Izmeel Ahmed', '5', 2, '2017-05-04 18:20:44', '2017-05-04 18:20:44'),
(599, 'Hussain Visham Mohamed', '6', 2, '2017-05-04 18:21:00', '2017-05-04 18:21:00'),
(600, 'Ismail Fayaz', '7', 3, '2017-05-04 18:21:11', '2017-05-04 18:21:11'),
(601, 'Hawwa Sameela', '8', 2, '2017-05-04 18:21:31', '2017-05-04 18:21:31'),
(602, 'Mohamed Jameel', '9', 1, '2017-05-04 18:21:48', '2017-05-04 18:21:48'),
(603, 'Ibrahim Naseer', '10', 2, '2017-05-04 18:22:01', '2017-05-04 18:22:01'),
(604, 'Ibrahim Rashid', '11', 1, '2017-05-04 18:22:27', '2017-05-04 18:22:27'),
(605, 'Hussain Imadh', '1', 1, '2017-05-04 18:22:45', '2017-05-04 18:22:45'),
(606, 'Hassan Ali', '2', 1, '2017-05-04 18:22:55', '2017-05-04 18:22:55'),
(607, 'Ahmed Shifan', '3', 2, '2017-05-04 18:23:11', '2017-05-04 18:23:11'),
(608, 'Salih Dhaawoodh', '4', 2, '2017-05-04 18:23:32', '2017-05-04 18:23:32'),
(609, 'Mohamed Ibrahim', '5', 2, '2017-05-04 18:23:44', '2017-05-04 18:23:44'),
(610, 'Ahmed Adbul Raheem', '6', 1, '2017-05-04 18:24:00', '2017-05-04 18:24:00'),
(611, 'Tholhath Naseem', '7', 6, '2017-05-04 18:24:26', '2017-05-04 18:24:26'),
(612, 'Mohamed Saif Naeem', '1', 6, '2017-05-04 18:24:49', '2017-05-04 18:24:49'),
(613, 'Thoha Rasheed', '2', 1, '2017-05-04 18:25:04', '2017-05-04 18:25:04'),
(614, 'Muruthala Rasheed', '3', 2, '2017-05-04 18:25:26', '2017-05-04 18:25:26'),
(615, 'Abdul Hameedh Hassan', '4', 2, '2017-05-04 18:25:41', '2017-05-04 18:25:41'),
(616, 'Ahmed Nasih', '5', 1, '2017-05-04 18:25:55', '2017-05-04 18:25:55'),
(617, 'Ahmed Fayaz', '1', 2, '2017-05-04 18:26:12', '2017-05-04 18:26:12'),
(618, 'Moosa Miyaz', '2', 1, '2017-05-04 18:26:31', '2017-05-04 18:26:31'),
(619, 'Ali Waheedh', '3', 2, '2017-05-04 18:26:40', '2017-05-04 18:26:40'),
(620, 'Ali Nahidh', '4', 6, '2017-05-04 18:26:54', '2017-05-04 18:26:54'),
(621, 'Ahmed Ruzan', '5', 6, '2017-05-04 18:27:11', '2017-05-04 18:27:11'),
(622, 'Hussain Arif', '6', 1, '2017-05-04 18:27:27', '2017-05-04 18:27:27'),
(623, 'Hussain Shafiu', '7', 2, '2017-05-04 18:27:43', '2017-05-04 18:27:43'),
(624, 'Ahmed Ashhad', '1', 1, '2017-05-04 18:28:05', '2017-05-04 18:28:05'),
(625, 'Ibrahim Thasleem', '2', 2, '2017-05-04 18:28:30', '2017-05-04 18:28:30'),
(626, 'Sabeeha Mohamed', '3', 1, '2017-05-04 18:29:25', '2017-05-04 18:29:25'),
(627, 'Abdhullah Ahmed', '4', 1, '2017-05-04 18:29:35', '2017-05-04 18:29:35'),
(628, 'Hassan Jinan', '5', 2, '2017-05-04 18:29:45', '2017-05-04 18:29:45'),
(629, 'Hawwa Naazleen', '6', 2, '2017-05-04 18:30:01', '2017-05-04 18:30:01'),
(630, 'Ismail Abdul Rasheed', '1', 1, '2017-05-04 18:30:16', '2017-05-04 18:30:16'),
(631, 'Ibaadhullah Mohamed', '2', 6, '2017-05-04 18:30:36', '2017-05-04 18:30:36'),
(632, 'Hassan Ibrahim Fulhu', '3', 2, '2017-05-04 18:30:53', '2017-05-04 18:30:53'),
(633, 'Abdhullah Abdul Rahman', '4', 2, '2017-05-04 18:31:08', '2017-05-04 18:31:08'),
(634, 'Ahmed Shareef', '5', 2, '2017-05-04 18:31:19', '2017-05-04 18:31:19'),
(635, 'Abdhullah Hassan', '6', 6, '2017-05-04 18:31:32', '2017-05-04 18:31:32'),
(636, 'Hussain Afeef', '1', 2, '2017-05-04 18:31:49', '2017-05-04 18:31:49'),
(637, 'Ali Rasheed', '2', 1, '2017-05-04 18:32:04', '2017-05-04 18:32:04'),
(638, 'Razzan Zareer', '3', 2, '2017-05-04 18:32:17', '2017-05-04 18:32:17'),
(639, 'Hassan Shareef', '4', 6, '2017-05-04 18:32:30', '2017-05-04 18:32:30'),
(640, 'Najih Jameel', '5', 2, '2017-05-04 18:32:46', '2017-05-04 18:32:46'),
(641, 'Aishath Jumaan', '6', 1, '2017-05-04 18:32:59', '2017-05-04 18:32:59'),
(642, 'Ibrahim Hassan', '7', 6, '2017-05-04 18:33:16', '2017-05-04 18:33:16'),
(643, 'Abdhullah Rasheedh', '8', 1, '2017-05-04 18:33:32', '2017-05-04 18:33:32'),
(644, 'Mohamed Waseem', '9', 6, '2017-05-04 18:33:44', '2017-05-04 18:33:44'),
(645, 'Ahmed Rishfan', '1', 1, '2017-05-04 18:33:55', '2017-05-04 18:33:55'),
(646, 'Abdul Rasheed Haaroon', '2', 2, '2017-05-04 18:34:11', '2017-05-04 18:34:11'),
(647, 'Ibrahim Nasir', '3', 2, '2017-05-04 18:34:22', '2017-05-04 18:34:22'),
(648, 'Ibrahim Umar Manik', '4', 2, '2017-05-04 18:34:35', '2017-05-04 18:34:35'),
(649, 'Mohamed Nizam', '5', 1, '2017-05-04 18:34:43', '2017-05-04 18:34:43'),
(650, 'Mohamed Rameez', '6', 1, '2017-05-04 18:34:56', '2017-05-04 18:34:56'),
(651, 'Ibrahim Sinaz', '1', 2, '2017-05-05 01:36:18', '2017-05-05 01:36:18'),
(652, 'Abdul Hannan Abbas', '2', 1, '2017-05-05 01:36:31', '2017-05-05 01:36:31'),
(653, 'Ubadihullah Abdhullah', '3', 2, '2017-05-05 01:36:48', '2017-05-05 01:36:48'),
(654, 'Asif Moosa', '4', 2, '2017-05-05 01:37:02', '2017-05-05 01:37:02'),
(655, 'Ali Musthafa', '5', 6, '2017-05-05 01:37:15', '2017-05-05 01:37:15'),
(656, 'Mariyam Sana', '1', 1, '2017-05-05 01:37:28', '2017-05-05 01:37:28'),
(657, 'Ahmed Sameer', '2', 2, '2017-05-05 01:37:39', '2017-05-05 01:37:39');
INSERT INTO `candidates` (`id`, `name`, `number`, `political_party_id`, `created_at`, `updated_at`) VALUES
(658, 'Ali Naiz', '3', 2, '2017-05-05 01:38:01', '2017-05-05 01:38:01'),
(659, 'Ali Mausoom', '4', 1, '2017-05-05 01:38:17', '2017-05-05 01:38:17'),
(660, 'Abdhullah Rasheedh', '5', 1, '2017-05-05 01:38:36', '2017-05-05 01:38:36'),
(661, 'Mohamed Shameem', '6', 2, '2017-05-05 01:38:50', '2017-05-05 01:38:50'),
(662, 'Muawin Mukhthar', '1', 6, '2017-05-05 01:39:04', '2017-05-05 01:39:04'),
(663, 'Ahmed Abdul Rasheed', '2', 2, '2017-05-05 01:39:15', '2017-05-05 01:39:15'),
(664, 'Ibrahim Abdul Rahmaan', '3', 1, '2017-05-05 01:39:29', '2017-05-05 01:39:29'),
(665, 'Ahmed Saleem', '4', 2, '2017-05-05 01:39:39', '2017-05-05 01:39:39'),
(666, 'Ali Khalidh', '5', 6, '2017-05-05 01:39:56', '2017-05-05 01:39:56'),
(667, 'Ali Musthafa', '6', 6, '2017-05-05 01:40:08', '2017-05-05 01:40:08'),
(668, 'Mohamed Aashan', '7', 2, '2017-05-05 01:40:19', '2017-05-05 01:40:19'),
(669, 'Irufan Abdul Shukoor', '8', 1, '2017-05-05 01:40:35', '2017-05-05 01:40:35'),
(670, 'Hussain Ikleel', '1', 6, '2017-05-05 01:40:47', '2017-05-05 01:40:47'),
(671, 'Mohamed Shareef', '2', 6, '2017-05-05 01:40:58', '2017-05-05 01:40:58'),
(672, 'Areef Mohamed', '3', 2, '2017-05-05 01:41:16', '2017-05-05 01:41:16'),
(673, 'Mohamed Ashraf', '4', 2, '2017-05-05 01:41:29', '2017-05-05 01:41:29'),
(674, 'Fathimath Raheema', '5', 1, '2017-05-05 01:41:55', '2017-05-05 01:41:55'),
(675, 'Ahmed Afrah', '6', 2, '2017-05-05 01:42:06', '2017-05-05 01:42:06'),
(676, 'Ahmed Rasheed', '7', 1, '2017-05-05 01:42:20', '2017-05-05 01:42:20'),
(677, 'Ibrahim Fazeel', '8', 1, '2017-05-05 01:42:31', '2017-05-05 01:42:31'),
(678, 'Hussain Hafiz', '1', 6, '2017-05-05 01:42:53', '2017-05-05 01:42:53'),
(679, 'Abdhullah Ahsan', '2', 6, '2017-05-05 01:43:06', '2017-05-05 01:43:06'),
(680, 'Abdhullah Ibrahim', '3', 6, '2017-05-05 01:43:21', '2017-05-05 01:43:21'),
(681, 'Mohamed Rasheed Hamid', '4', 6, '2017-05-05 01:43:33', '2017-05-05 01:43:33'),
(682, 'Ahmed Shakir Hamid', '5', 6, '2017-05-05 01:43:46', '2017-05-05 01:43:46'),
(683, 'Ali Rasheed', '6', 6, '2017-05-05 01:43:56', '2017-05-05 01:43:56'),
(684, 'Ali Shafeeq', '1', 1, '2017-05-05 01:44:12', '2017-05-05 01:44:12'),
(685, 'Jibran Saeedh', '2', 2, '2017-05-05 01:44:31', '2017-05-05 01:44:31'),
(686, 'Abdhullah Naseer', '3', 2, '2017-05-05 01:44:46', '2017-05-05 01:44:46'),
(687, 'Abbas Aboobakuru', '4', 2, '2017-05-05 01:44:59', '2017-05-05 01:44:59'),
(688, 'Ali Majidh', '5', 1, '2017-05-05 01:45:07', '2017-05-05 01:45:07'),
(689, 'Hussain Nazim', '6', 1, '2017-05-05 01:45:24', '2017-05-05 01:45:24'),
(690, 'Aboobakuru Abdhullah', '1', 1, '2017-05-05 01:45:44', '2017-05-05 01:45:44'),
(691, 'Ahmed Mujthaba', '2', 1, '2017-05-05 01:45:54', '2017-05-05 01:45:54'),
(692, 'Rizwee Ibrahim', '3', 6, '2017-05-05 01:46:08', '2017-05-05 01:46:08'),
(693, 'Abdhullah Shujau', '4', 1, '2017-05-05 01:46:20', '2017-05-05 01:46:20'),
(694, 'Abdhullah Haleem', '5', 6, '2017-05-05 01:46:31', '2017-05-05 01:46:31'),
(695, 'Mohamed Riza', '1', 2, '2017-05-05 01:46:42', '2017-05-05 01:46:42'),
(696, 'Mohamed Naseer', '2', 6, '2017-05-05 01:46:53', '2017-05-05 01:46:53'),
(697, 'Naushaad Ahmed', '3', 1, '2017-05-05 01:47:07', '2017-05-05 01:47:07'),
(698, 'Irushadh Ibrahim', '4', 2, '2017-05-05 01:47:22', '2017-05-05 01:47:22'),
(699, 'Zaidh Ali', '5', 6, '2017-05-05 01:47:32', '2017-05-05 01:47:32'),
(700, 'Ahmed Riza', '6', 1, '2017-05-05 01:47:47', '2017-05-05 01:47:47'),
(701, 'Shamla Abdhullah', '7', 2, '2017-05-05 01:47:58', '2017-05-05 01:47:58'),
(702, 'Ahmed Nasir', '8', 1, '2017-05-05 01:48:09', '2017-05-05 01:48:09'),
(703, 'Tholal Abdhul Rahmaan', '9', 2, '2017-05-05 01:48:24', '2017-05-05 01:48:24'),
(704, 'Hawwa Sameeha', '10', 2, '2017-05-05 01:48:38', '2017-05-05 01:48:38'),
(705, 'Yasir Hussain', '11', 1, '2017-05-05 01:48:51', '2017-05-05 01:48:51'),
(706, 'Hamdhoon Mohamed', '12', 1, '2017-05-05 01:49:01', '2017-05-05 01:49:01'),
(707, 'Hussain Hassan', '1', 2, '2017-05-05 01:49:14', '2017-05-05 01:49:14'),
(708, 'Mohamed Mumthaz', '2', 2, '2017-05-05 01:49:26', '2017-05-05 01:49:26'),
(709, 'Mohamed Thaureef', '3', 1, '2017-05-05 01:49:37', '2017-05-05 01:49:37'),
(710, 'Ahmed Rasheedh', '4', 1, '2017-05-05 01:49:49', '2017-05-05 01:49:49'),
(711, 'Firaz Ahmed', '5', 6, '2017-05-05 01:50:06', '2017-05-05 01:50:06'),
(712, 'Ahmed Adil', '6', 6, '2017-05-05 01:50:20', '2017-05-05 01:50:20'),
(713, 'Razzan Mohamed', '7', 2, '2017-05-05 01:50:33', '2017-05-05 01:50:33'),
(714, 'Zaidh Rasheed', '8', 1, '2017-05-05 01:50:45', '2017-05-05 01:50:45'),
(715, 'Hawwa Zahira', '1', 6, '2017-05-05 01:50:59', '2017-05-05 01:50:59'),
(716, 'Fahumeena Hussain', '2', 6, '2017-05-05 01:51:13', '2017-05-05 01:51:13'),
(717, 'Mohamed Hassan', '3', 1, '2017-05-05 01:51:26', '2017-05-05 01:51:26'),
(718, 'Abdul Azeez Mohamed', '4', 1, '2017-05-05 01:51:37', '2017-05-05 01:51:37'),
(719, 'Anwar Mohamed', '5', 1, '2017-05-05 01:51:53', '2017-05-05 01:51:53'),
(720, 'Rashidh Mohamed', '6', 6, '2017-05-05 01:52:06', '2017-05-05 01:52:06'),
(721, 'Mohamed Mauroof', '1', 1, '2017-05-05 01:52:19', '2017-05-05 01:52:19'),
(722, 'Ali Nisham', '2', 6, '2017-05-05 01:52:29', '2017-05-05 01:52:29'),
(723, 'Mohamed Nadheem', '3', 2, '2017-05-05 01:52:39', '2017-05-05 01:52:39'),
(724, 'Mohamed Haleem', '4', 6, '2017-05-05 01:52:50', '2017-05-05 01:52:50'),
(725, 'Hassan Akram', '5', 6, '2017-05-05 01:53:05', '2017-05-05 01:53:05'),
(726, 'Abdhullah Nazeer', '6', 2, '2017-05-05 01:53:17', '2017-05-05 01:53:17'),
(727, 'Ahmed Asif', '7', 2, '2017-05-05 01:53:36', '2017-05-05 01:53:36'),
(728, 'Moosa Naseem', '1', 1, '2017-05-05 01:53:51', '2017-05-05 01:53:51'),
(729, 'Adam Aiman', '2', 2, '2017-05-05 01:54:01', '2017-05-05 01:54:01'),
(730, 'Mohamed Aslam', '3', 2, '2017-05-05 01:54:11', '2017-05-05 01:54:11'),
(731, 'Ibrahim Fazeel', '4', 1, '2017-05-05 01:54:20', '2017-05-05 01:54:20'),
(732, 'Mohamed Ibrahim', '5', 2, '2017-05-05 01:54:31', '2017-05-05 01:54:31'),
(733, 'Hassan Nizam', '1', 2, '2017-05-05 01:54:41', '2017-05-05 01:54:41'),
(734, 'Mohamed Amir', '2', 1, '2017-05-05 01:54:51', '2017-05-05 01:54:51'),
(735, 'Mohamed Nafiz', '3', 1, '2017-05-05 01:55:02', '2017-05-05 01:55:02'),
(736, 'Mohamed Siyan', '4', 1, '2017-05-05 01:55:16', '2017-05-05 01:55:16'),
(737, 'Ziyadh Ahmed', '1', 1, '2017-05-05 01:55:40', '2017-05-05 01:55:40'),
(738, 'Ibrahim Gasim', '2', 1, '2017-05-05 01:55:55', '2017-05-05 01:55:55'),
(739, 'Mohamed Solih', '3', 2, '2017-05-05 01:56:09', '2017-05-05 01:56:09'),
(740, 'Rishwan Adam Fulhu', '4', 2, '2017-05-05 01:56:31', '2017-05-05 01:56:31'),
(741, 'Adam Anees', '5', 2, '2017-05-05 01:56:45', '2017-05-05 01:56:45'),
(742, 'Firaz Ismail', '6', 1, '2017-05-05 01:57:02', '2017-05-05 01:57:02'),
(743, 'Mohamed Feroz', '7', 1, '2017-05-05 01:57:14', '2017-05-05 01:57:14'),
(744, 'Mohamed Hassan', '8', 2, '2017-05-05 01:57:27', '2017-05-05 01:57:27'),
(745, 'Ahmed Mohamed', '9', 1, '2017-05-05 01:57:37', '2017-05-05 01:57:37'),
(746, 'Abdhullah Ibrahim', '10', 2, '2017-05-05 01:57:54', '2017-05-05 01:57:54'),
(747, 'Abdhullah Samir', '1', 2, '2017-05-05 01:58:05', '2017-05-05 01:58:05'),
(748, 'Jaufar Abdhullah', '2', 1, '2017-05-05 01:58:18', '2017-05-05 01:58:18'),
(749, 'Mohamed Karim', '3', 1, '2017-05-05 01:58:35', '2017-05-05 01:58:35'),
(750, 'Farhadh Mohamed', '4', 3, '2017-05-05 01:58:51', '2017-05-05 01:58:51'),
(751, 'Mauroof Hussain', '5', 2, '2017-05-05 01:59:03', '2017-05-05 01:59:03'),
(752, 'Mohamed Shahidh Abdhullah', '6', 1, '2017-05-05 01:59:16', '2017-05-05 01:59:16'),
(753, 'Farahanaz Mohamed Naeem', '7', 2, '2017-05-05 01:59:35', '2017-05-05 01:59:35'),
(754, 'Mamnooh Eesa', '8', 1, '2017-05-05 01:59:48', '2017-05-05 01:59:48'),
(755, 'Vidhah Abdhullah', '9', 1, '2017-05-05 02:00:04', '2017-05-05 02:00:04'),
(756, 'Hussain Zeenee', '10', 2, '2017-05-05 02:00:18', '2017-05-05 02:00:18'),
(757, 'Abdhul Matheen Abdhul Latheef', '11', 2, '2017-05-05 02:00:37', '2017-05-05 02:00:37'),
(758, 'Ibrahim Mohamed Koi', '1', 1, '2017-05-05 02:00:49', '2017-05-05 02:00:49'),
(759, 'Mohamed Moosa', '2', 6, '2017-05-05 02:01:01', '2017-05-05 02:01:01'),
(760, 'Farahnaz Mohamed', '3', 1, '2017-05-05 02:01:15', '2017-05-05 02:01:15'),
(761, 'Ahmed Abdul Raheem', '4', 6, '2017-05-05 02:01:32', '2017-05-05 02:01:32'),
(762, 'Wafiyya Mohamed', '5', 6, '2017-05-05 02:01:44', '2017-05-05 02:01:44'),
(763, 'Saamath Abdhullah', '6', 1, '2017-05-05 02:01:58', '2017-05-05 02:01:58'),
(764, 'Abdhullah Moosa', '7', 6, '2017-05-05 02:02:13', '2017-05-05 02:02:13'),
(765, 'Ismail Madheeh', '8', 2, '2017-05-05 02:02:29', '2017-05-05 02:02:29'),
(766, 'Amir Mohamed', '9', 2, '2017-05-05 02:02:41', '2017-05-05 02:02:41'),
(767, 'Aishath Wishama', '10', 2, '2017-05-05 02:02:54', '2017-05-05 02:02:54'),
(768, 'Ali Shaan', '1', 6, '2017-05-05 02:03:07', '2017-05-05 02:03:07'),
(769, 'Mohamed Azim', '2', 6, '2017-05-05 02:03:18', '2017-05-05 02:03:18'),
(770, 'Abdul Azeez Mohamed', '3', 6, '2017-05-05 02:03:32', '2017-05-05 02:03:32'),
(771, 'Shamin Hafiz', '4', 6, '2017-05-05 02:03:45', '2017-05-05 02:03:45'),
(772, 'Naaila Mohamed', '5', 2, '2017-05-05 02:03:57', '2017-05-05 02:03:57'),
(773, 'Ali Sulthan', '1', 2, '2017-05-05 02:04:45', '2017-05-05 02:04:45'),
(774, 'Hawwa Shakir', '2', 1, '2017-05-05 02:04:57', '2017-05-05 02:04:57'),
(775, 'Moosa Nasheed', '3', 6, '2017-05-05 02:05:11', '2017-05-05 02:05:11'),
(776, 'Nazim Hussain', '4', 6, '2017-05-05 02:05:25', '2017-05-05 02:05:25'),
(777, 'Ibrahim Rasheed', '5', 6, '2017-05-05 02:05:45', '2017-05-05 02:05:45'),
(778, 'Ibrahim Faisal', '6', 1, '2017-05-05 02:05:57', '2017-05-05 02:05:57'),
(779, 'Eesa Khaleel', '7', 1, '2017-05-05 02:06:06', '2017-05-05 02:06:06'),
(780, 'Athif Abdul Raheem', '8', 6, '2017-05-05 02:06:20', '2017-05-05 02:06:20'),
(781, 'Ahmed Falah', '9', 2, '2017-05-05 02:06:28', '2017-05-05 02:06:28'),
(782, 'Shahula Zahir', '10', 2, '2017-05-05 02:06:36', '2017-05-05 02:06:36'),
(783, 'Aaiz Abdul Raheem', '1', 2, '2017-05-05 02:06:55', '2017-05-05 02:06:55'),
(784, 'Hussain Mohamed', '2', 6, '2017-05-05 02:07:04', '2017-05-05 02:07:04'),
(785, 'Ali Arshah', '3', 6, '2017-05-05 02:07:13', '2017-05-05 02:07:13'),
(786, 'Ali Shifaz', '4', 1, '2017-05-05 02:07:22', '2017-05-05 02:07:22'),
(787, 'Mubashshir Jaleel', '5', 2, '2017-05-05 02:07:37', '2017-05-05 02:07:37'),
(788, 'Mohamed Rishwan', '6', 2, '2017-05-05 02:07:50', '2017-05-05 02:07:50'),
(789, 'Ali Hashim', '7', 1, '2017-05-05 02:08:00', '2017-05-05 02:08:00'),
(790, 'Murshid Abdul Hakeem', '8', 1, '2017-05-05 02:08:16', '2017-05-05 02:08:16'),
(791, 'Mohamed Ikram', '1', 2, '2017-05-05 02:08:28', '2017-05-05 02:08:28'),
(792, 'Hussain Yasir', '2', 6, '2017-05-05 02:08:40', '2017-05-05 02:08:40'),
(793, 'Ahmed Shayaz', '3', 6, '2017-05-05 02:08:51', '2017-05-05 02:08:51'),
(794, 'Ibrahim Azim', '4', 6, '2017-05-05 02:09:02', '2017-05-05 02:09:02'),
(795, 'Mohamed Zafar', '5', 1, '2017-05-05 02:09:16', '2017-05-05 02:09:16'),
(796, 'Ibrahim Sajidh', '6', 6, '2017-05-05 02:09:29', '2017-05-05 02:09:29'),
(797, 'Mohamed Zaidh', '7', 6, '2017-05-05 02:09:39', '2017-05-05 02:09:39'),
(798, 'Ibrahim Mubashshir', '8', 1, '2017-05-05 02:09:54', '2017-05-05 02:09:54'),
(799, 'Mohamed Junaadh', '9', 2, '2017-05-05 02:10:05', '2017-05-05 02:10:05'),
(800, 'Moosa Rasheed', '10', 2, '2017-05-05 02:10:15', '2017-05-05 02:10:15'),
(801, 'Ismail Ziyadh', '1', 2, '2017-05-05 02:10:25', '2017-05-05 02:10:25'),
(802, 'Zulkifli Ali', '2', 6, '2017-05-05 02:10:39', '2017-05-05 02:10:39'),
(803, 'Mohamed Shaheem', '3', 2, '2017-05-05 02:10:49', '2017-05-05 02:10:49'),
(804, 'Ahmed Anees', '4', 2, '2017-05-05 02:11:00', '2017-05-05 02:11:00'),
(805, 'Hawwa Lamisa', '5', 6, '2017-05-05 02:11:37', '2017-05-05 02:11:37'),
(806, 'Mohamed Nazeef', '1', 2, '2017-05-05 02:11:53', '2017-05-05 02:11:53'),
(807, 'Mohamed Rushdhan', '2', 6, '2017-05-05 02:12:09', '2017-05-05 02:12:09'),
(808, 'Hussain Nadheem', '3', 6, '2017-05-05 02:12:22', '2017-05-05 02:12:22'),
(809, 'Fayaz Ibrahim', '4', 2, '2017-05-05 02:12:33', '2017-05-05 02:12:33'),
(810, 'Hussain Zilal', '5', 6, '2017-05-05 02:12:46', '2017-05-05 02:12:46'),
(811, 'Eesa Ahmed', '6', 2, '2017-05-05 02:12:57', '2017-05-05 02:12:57'),
(812, 'Moosa Yoosuf', '1', 6, '2017-05-05 02:13:12', '2017-05-05 02:13:12'),
(813, 'Ahmed Siraj', '2', 2, '2017-05-05 02:13:23', '2017-05-05 02:13:23'),
(814, 'Mohamed Ismail', '3', 6, '2017-05-05 02:13:37', '2017-05-05 02:13:37'),
(815, 'Ibrahim Saleem', '4', 6, '2017-05-05 02:13:48', '2017-05-05 02:13:48'),
(816, 'Hassan Faiz', '5', 2, '2017-05-05 02:14:00', '2017-05-05 02:14:00'),
(817, 'Ibrahim Nafiu', '6', 6, '2017-05-05 02:14:14', '2017-05-05 02:14:14'),
(818, 'Hussain Mifrah bin Mohamed Hameedh', '7', 6, '2017-05-05 02:14:34', '2017-05-05 02:14:34'),
(819, 'Shaan Ibrahim', '8', 2, '2017-05-05 02:14:45', '2017-05-05 02:14:45'),
(820, 'Ali Rasheed', '1', 2, '2017-05-05 02:15:03', '2017-05-05 02:15:03'),
(821, 'Fathimath Shehenaz', '2', 3, '2017-05-05 02:15:16', '2017-05-05 02:15:16'),
(822, 'Ibrahim Asif', '3', 3, '2017-05-05 02:15:28', '2017-05-05 02:15:28'),
(823, 'Mohamed Fathuhullah', '4', 1, '2017-05-05 02:15:40', '2017-05-05 02:15:40'),
(824, 'Fathimath Shizna', '5', 3, '2017-05-05 02:15:53', '2017-05-05 02:15:53'),
(825, 'Ahmed Shabeen', '6', 2, '2017-05-05 02:16:05', '2017-05-05 02:16:05'),
(826, 'Ibrahim Faiz', '7', 2, '2017-05-05 02:16:17', '2017-05-05 02:16:17'),
(827, 'Ali Shamoon', '1', 2, '2017-05-05 02:16:28', '2017-05-05 02:16:28'),
(828, 'Mohamed Nimal', '2', 1, '2017-05-05 02:16:38', '2017-05-05 02:16:38'),
(829, 'Abdul Wahidh', '3', 6, '2017-05-05 02:16:53', '2017-05-05 02:16:53'),
(830, 'Usman Rasheed', '4', 1, '2017-05-05 02:17:06', '2017-05-05 02:17:06'),
(831, 'Majdha Ibrahim', '5', 2, '2017-05-05 02:17:15', '2017-05-05 02:17:15'),
(832, 'Nashidha Adam', '6', 6, '2017-05-05 02:17:28', '2017-05-05 02:17:28'),
(833, 'Abdhullah Mufeedh', '7', 2, '2017-05-05 02:17:45', '2017-05-05 02:17:45'),
(834, 'Mohamed Rasheedh', '8', 6, '2017-05-05 02:17:58', '2017-05-05 02:17:58'),
(835, 'Ahmed Mubarik', '1', 6, '2017-05-05 02:18:16', '2017-05-05 02:18:16'),
(836, 'Hussain Nihal', '2', 6, '2017-05-05 02:18:31', '2017-05-05 02:18:31'),
(837, 'Ibrahim Shaleez', '3', 2, '2017-05-05 02:18:49', '2017-05-05 02:18:49'),
(838, 'Ali Shameem', '4', 2, '2017-05-05 02:19:00', '2017-05-05 02:19:00'),
(839, 'Abdul Azeez Ali', '5', 6, '2017-05-05 02:19:14', '2017-05-05 02:19:14'),
(840, 'Hassan Ramiz', '6', 6, '2017-05-05 02:19:27', '2017-05-05 02:19:27'),
(842, 'Hussain Yaamin Mohamed', '7', 2, '2017-05-05 02:20:12', '2017-05-05 02:20:12'),
(843, 'Khadheeja Niusha', '1', 1, '2017-05-05 02:20:53', '2017-05-05 02:20:53'),
(844, 'Thuthu Manik', '2', 6, '2017-05-05 02:21:23', '2017-05-05 02:21:23'),
(845, 'Ali Adam', '3', 6, '2017-05-05 02:21:35', '2017-05-05 02:21:35'),
(846, 'Hassan Abdhullah', '4', 1, '2017-05-05 02:21:45', '2017-05-05 02:21:45'),
(847, 'Hassan Zumam', '5', 2, '2017-05-05 02:21:56', '2017-05-05 02:21:56'),
(848, 'Hassan Ibrahim', '6', 2, '2017-05-05 02:22:09', '2017-05-05 02:22:09'),
(849, 'Moosa Nifaz', '7', 3, '2017-05-05 02:22:27', '2017-05-05 02:22:27'),
(850, 'Aishath Adam', '8', 1, '2017-05-05 02:22:36', '2017-05-05 02:22:36'),
(851, 'Hussain Simau', '1', 1, '2017-05-05 02:22:46', '2017-05-05 02:22:46'),
(852, 'Abdhullah Aneel', '2', 1, '2017-05-05 02:22:57', '2017-05-05 02:22:57'),
(853, 'Ahmed Muaz', '3', 3, '2017-05-05 02:23:08', '2017-05-05 02:23:08'),
(854, 'Ahmed Waheed', '4', 2, '2017-05-05 02:23:17', '2017-05-05 02:23:17'),
(855, 'Abdul Jaleel Moosa', '5', 1, '2017-05-05 02:23:28', '2017-05-05 02:23:28'),
(856, 'Abdul Raheem Ibrahim', '6', 2, '2017-05-05 02:23:43', '2017-05-05 02:23:43'),
(857, 'Ahmed Ali', '1', 2, '2017-05-05 02:23:53', '2017-05-05 02:23:53'),
(858, 'Abdhullah Firaq', '2', 1, '2017-05-05 02:24:03', '2017-05-05 02:24:03'),
(859, 'Shaukath Ibrahim', '3', 1, '2017-05-05 02:24:13', '2017-05-05 02:24:13'),
(860, 'Nafis Mohamed', '4', 2, '2017-05-05 02:24:25', '2017-05-05 02:24:25'),
(861, 'Mohamed Shareef', '5', 3, '2017-05-05 02:24:36', '2017-05-05 02:24:36'),
(862, 'Mohamed Husnee', '6', 1, '2017-05-05 02:24:46', '2017-05-05 02:24:46'),
(863, 'Sama Abdul Ghafoor', '1', 1, '2017-05-05 02:25:02', '2017-05-05 02:25:02'),
(864, 'Ismail Shareef', '2', 6, '2017-05-05 02:25:12', '2017-05-05 02:25:12'),
(865, 'Ismail Athif', '3', 1, '2017-05-05 02:25:27', '2017-05-05 02:25:27'),
(866, 'Mauroof Khalid', '4', 1, '2017-05-05 02:25:36', '2017-05-05 02:25:36'),
(867, 'Ibrahim Imran', '5', 2, '2017-05-05 02:25:46', '2017-05-05 02:25:46'),
(868, 'Ilyas Ibrahim', '6', 2, '2017-05-05 02:25:56', '2017-05-05 02:25:56'),
(869, 'Imadh Mohamed', '7', 2, '2017-05-05 02:26:05', '2017-05-05 02:26:05'),
(870, 'Hassan Mahir', '1', 3, '2017-05-05 02:26:16', '2017-05-05 02:26:16'),
(871, 'Ahmed Mohamed', '2', 2, '2017-05-05 02:26:26', '2017-05-05 02:26:26'),
(872, 'Abdul Ghafoor Mohamed', '3', 6, '2017-05-05 02:26:39', '2017-05-05 02:26:39'),
(873, 'Ahmed Husham', '4', 3, '2017-05-05 02:26:50', '2017-05-05 02:26:50'),
(874, 'Mohamed Nashidh', '5', 2, '2017-05-05 02:26:59', '2017-05-05 02:26:59'),
(875, 'Shujau Adam', '6', 2, '2017-05-05 02:27:10', '2017-05-05 02:27:10'),
(876, 'Adam Riyaz', '7', 6, '2017-05-05 02:27:23', '2017-05-05 02:27:23'),
(877, 'Mariyam Mohamed', '1', 6, '2017-05-05 02:27:38', '2017-05-05 02:27:38'),
(878, 'Abdul Majeedh Moosa', '2', 6, '2017-05-05 02:27:52', '2017-05-05 02:27:52'),
(879, 'Hussain Arish', '3', 6, '2017-05-05 02:28:06', '2017-05-05 02:28:06'),
(880, 'Ahmed Sobah', '4', 2, '2017-05-05 02:28:21', '2017-05-05 02:28:21'),
(881, 'Mohamed Arif', '5', 6, '2017-05-05 02:28:41', '2017-05-05 02:28:41'),
(882, 'Rahmathullah Saleem', '1', 1, '2017-05-05 02:28:55', '2017-05-05 02:28:55'),
(883, 'Hassan Zareer', '2', 2, '2017-05-05 02:29:08', '2017-05-05 02:29:08'),
(884, 'Ismail Naseer', '3', 1, '2017-05-05 02:29:18', '2017-05-05 02:29:18'),
(885, 'Mohamed Arshah', '4', 2, '2017-05-05 02:29:30', '2017-05-05 02:29:30'),
(886, 'Fazeel Ahmed', '5', 1, '2017-05-05 02:29:41', '2017-05-05 02:29:41'),
(887, 'Ahmed Hafiz', '6', 2, '2017-05-05 02:29:52', '2017-05-05 02:29:52'),
(888, 'Zainal Ibadh', '1', 1, '2017-05-05 02:30:08', '2017-05-05 02:30:08'),
(889, 'Abdhullah Shareef', '2', 1, '2017-05-05 02:30:20', '2017-05-05 02:30:20'),
(890, 'Hassan Rasheedh', '3', 1, '2017-05-05 02:30:31', '2017-05-05 02:30:31'),
(891, 'Mohamed Jimmy', '4', 2, '2017-05-05 02:30:49', '2017-05-05 02:30:49'),
(892, 'Ali Zalif', '5', 2, '2017-05-05 02:31:06', '2017-05-05 02:31:06'),
(893, 'Ahmed Firaq', '1', 1, '2017-05-05 02:33:32', '2017-05-05 02:33:32'),
(894, 'Hassan Ashraf', '2', 6, '2017-05-05 02:33:45', '2017-05-05 02:33:45'),
(895, 'Moosa Nazim', '3', 6, '2017-05-05 02:34:03', '2017-05-05 02:34:03'),
(896, 'Adil Adam', '4', 6, '2017-05-05 02:34:14', '2017-05-05 02:34:14'),
(897, 'Khalidh Ahmed', '5', 2, '2017-05-05 02:34:27', '2017-05-05 02:34:27'),
(898, 'Hussain Tholhath', '6', 6, '2017-05-05 02:34:40', '2017-05-05 02:34:40'),
(899, 'Ali Mahir', '7', 3, '2017-05-05 02:34:52', '2017-05-05 02:34:52'),
(900, 'Ali Faiq', '1', 6, '2017-05-05 02:35:09', '2017-05-05 02:35:09'),
(901, 'Hassan Shafiu', '2', 2, '2017-05-05 02:35:22', '2017-05-05 02:35:22'),
(902, 'Hassan Najmee', '3', 6, '2017-05-05 02:35:36', '2017-05-05 02:35:36'),
(903, 'Adam Ibrahim', '4', 6, '2017-05-05 02:35:47', '2017-05-05 02:35:47'),
(904, 'Umar Mohamed', '5', 6, '2017-05-05 02:35:58', '2017-05-05 02:35:58'),
(905, 'Mohamed Riza', '6', 6, '2017-05-05 02:36:11', '2017-05-05 02:36:11'),
(906, 'Abdhullah Niyaz', '7', 6, '2017-05-05 02:36:28', '2017-05-05 02:36:28'),
(907, 'Adhanan Abdhullah', '8', 6, '2017-05-05 02:36:40', '2017-05-05 02:36:40'),
(908, 'Ali Fikuree', '9', 6, '2017-05-05 02:37:11', '2017-05-05 02:37:11'),
(909, 'Mohamed Adam', '1', 2, '2017-05-05 02:37:35', '2017-05-05 02:37:35'),
(910, 'Ahmed Naseem', '2', 6, '2017-05-05 02:37:50', '2017-05-05 02:37:50'),
(911, 'Mohamed Shafeeq', '3', 2, '2017-05-05 02:38:05', '2017-05-05 02:38:05'),
(912, 'Mohamed Fareedh', '4', 2, '2017-05-05 02:38:19', '2017-05-05 02:38:19'),
(913, 'Ali Shareef', '5', 6, '2017-05-05 02:38:31', '2017-05-05 02:38:31'),
(914, 'Izzath Abdul Baaree', '1', 2, '2017-05-05 02:38:47', '2017-05-05 02:38:47'),
(915, 'Ibrahim Khaleel', '2', 6, '2017-05-05 02:39:01', '2017-05-05 02:39:01'),
(916, 'Ahmed Khaleel', '3', 1, '2017-05-05 02:39:17', '2017-05-05 02:39:17'),
(917, 'Bunyamin Hassan', '4', 1, '2017-05-05 02:39:36', '2017-05-05 02:39:36'),
(918, 'Mohamed Raeef', '5', 2, '2017-05-05 02:39:49', '2017-05-05 02:39:49'),
(919, 'Qasim Sihaanu', '6', 2, '2017-05-05 02:40:10', '2017-05-05 02:40:10'),
(920, 'Hashim Ibrahim', '1', 3, '2017-05-05 02:40:40', '2017-05-05 02:40:40'),
(921, 'Adam Naseer', '2', 2, '2017-05-05 02:40:51', '2017-05-05 02:40:51'),
(922, 'Ahmed Hassan', '3', 6, '2017-05-05 02:41:07', '2017-05-05 02:41:07'),
(923, 'Mohamed Naseem', '4', 3, '2017-05-05 02:41:20', '2017-05-05 02:41:20'),
(924, 'Nooman Hassan', '5', 6, '2017-05-05 02:41:38', '2017-05-05 02:41:38'),
(925, 'Abbas Saudh', '6', 2, '2017-05-05 02:41:52', '2017-05-05 02:41:52'),
(926, 'Abdul Haadhee Abdul Rahman', '7', 2, '2017-05-05 02:42:07', '2017-05-05 02:42:07'),
(927, 'Ibrahim Hussain', '1', 1, '2017-05-05 02:42:21', '2017-05-05 02:42:21'),
(928, 'Naeema Ahmed', '2', 2, '2017-05-05 02:42:37', '2017-05-05 02:42:37'),
(929, 'Mohamed Shafraz', '3', 6, '2017-05-05 02:42:54', '2017-05-05 02:42:54'),
(930, 'Mohamed Thaufeeq', '4', 2, '2017-05-05 02:43:12', '2017-05-05 02:43:12'),
(931, 'Abdul Hannaan Mohamed', '5', 2, '2017-05-05 02:43:27', '2017-05-05 02:43:27'),
(932, 'Mohamed Ramzee', '6', 6, '2017-05-05 02:43:40', '2017-05-05 02:43:40'),
(933, 'Mohamed Ziyadh', '1', 2, '2017-05-05 02:43:59', '2017-05-05 02:43:59'),
(934, 'Mohamed Shiruhan', '2', 1, '2017-05-05 02:44:10', '2017-05-05 02:44:10'),
(935, 'Imran Adam', '3', 1, '2017-05-05 02:44:20', '2017-05-05 02:44:20'),
(936, 'Saarath Adam', '4', 3, '2017-05-05 02:44:35', '2017-05-05 02:44:35'),
(937, 'Usman Eesa', '5', 3, '2017-05-05 02:44:47', '2017-05-05 02:44:47'),
(938, 'Ahmed Ameen', '6', 2, '2017-05-05 02:45:01', '2017-05-05 02:45:01'),
(939, 'Abdul Muhsin Ali', '7', 2, '2017-05-05 02:45:20', '2017-05-05 02:45:20'),
(940, 'Ahmed Saeedh', '1', 6, '2017-05-05 02:45:36', '2017-05-05 02:45:36'),
(941, 'Moosa Ali', '2', 2, '2017-05-05 02:45:51', '2017-05-05 02:45:51'),
(942, 'Mohamed Ameen', '3', 3, '2017-05-05 02:46:04', '2017-05-05 02:46:04'),
(943, 'Mohamed Ibrahim', '4', 2, '2017-05-05 02:46:17', '2017-05-05 02:46:17'),
(944, 'Shahidh Abdul Raheem', '5', 2, '2017-05-05 02:46:30', '2017-05-05 02:46:30'),
(945, 'Abdul Raheem Ali', '6', 3, '2017-05-05 02:46:47', '2017-05-05 02:46:47'),
(946, 'Shamaan Mohamed', '7', 3, '2017-05-05 02:47:13', '2017-05-05 02:47:13'),
(947, 'Shiham Mohamed', '1', 3, '2017-05-05 02:47:33', '2017-05-05 02:47:33'),
(948, 'Abdhullah Mufeedh', '2', 3, '2017-05-05 02:47:49', '2017-05-05 02:47:49'),
(949, 'Mohamed Thaufeeq', '3', 1, '2017-05-05 02:48:01', '2017-05-05 02:48:01'),
(950, 'Mahmoodh Shujau', '4', 6, '2017-05-05 02:48:20', '2017-05-05 02:48:20'),
(951, 'Ibrahim Rasheed', '5', 6, '2017-05-05 02:48:33', '2017-05-05 02:48:33'),
(952, 'Hussain Naseem', '6', 2, '2017-05-05 02:49:08', '2017-05-05 02:49:08'),
(953, 'Mohamed Ibrahim', '7', 2, '2017-05-05 02:49:24', '2017-05-05 02:49:24'),
(954, 'Shaazlee Mahmoodh', '8', 6, '2017-05-05 02:49:38', '2017-05-05 02:49:38'),
(955, 'Mohamed Shahram', '9', 3, '2017-05-05 02:49:55', '2017-05-05 02:49:55'),
(956, 'Ibrahim Mohamed', '10', 1, '2017-05-05 02:50:14', '2017-05-05 02:50:14'),
(957, 'Mohamed Shamal', '11', 6, '2017-05-05 02:50:38', '2017-05-05 02:50:38'),
(958, 'Mohamed Thaufeeq', '1', 3, '2017-05-05 02:51:02', '2017-05-05 02:51:02'),
(959, 'Imthinan Abdul Ghafoor', '2', 1, '2017-05-05 02:51:14', '2017-05-05 02:51:14'),
(960, 'Nazim Qasim', '3', 1, '2017-05-05 02:51:22', '2017-05-05 02:51:22'),
(961, 'Adam Khaleel', '4', 2, '2017-05-05 02:51:30', '2017-05-05 02:51:30'),
(962, 'Sana Ali Wafir', '5', 1, '2017-05-05 02:51:40', '2017-05-05 02:51:40'),
(963, 'Moosa Faiz', '6', 2, '2017-05-05 02:51:57', '2017-05-05 02:51:57'),
(964, 'Ahmed Naseem', '1', 1, '2017-05-05 02:52:05', '2017-05-05 02:52:05'),
(965, 'Ahmed Naseem', '1', 1, '2017-05-05 02:52:05', '2017-05-05 02:52:05'),
(966, 'Abdhulla Zareer', '2', 3, '2017-05-05 02:52:26', '2017-05-05 02:52:26'),
(967, 'Samir Ahmed', '3', 2, '2017-05-05 02:52:39', '2017-05-05 02:52:39'),
(968, 'Ismail Saeedh', '4', 1, '2017-05-05 02:52:47', '2017-05-05 02:52:47'),
(969, 'Ibrahim Rushdhee', '5', 1, '2017-05-05 02:52:57', '2017-05-05 02:52:57'),
(970, 'Shifaq Hussain', '6', 2, '2017-05-05 02:53:12', '2017-05-05 02:53:12'),
(972, 'Abdul Ghafoor Adam', '1', 2, '2017-05-05 02:53:43', '2017-05-05 02:53:43'),
(973, 'Ahmed Nasrullah', '2', 6, '2017-05-05 02:53:57', '2017-05-05 02:53:57'),
(974, 'Ali Rasheed', '3', 2, '2017-05-05 02:54:06', '2017-05-05 02:54:06'),
(975, 'Ali Naeem', '4', 6, '2017-05-05 02:54:16', '2017-05-05 02:54:16'),
(976, 'Fathimath Zahudha', '5', 6, '2017-05-05 02:54:30', '2017-05-05 02:54:30'),
(977, 'Ali Ismail Ibrahim', '6', 2, '2017-05-05 02:54:43', '2017-05-05 02:54:43'),
(978, 'Ahmed Sanee Ibrahim', '1', 2, '2017-05-05 02:54:54', '2017-05-05 02:54:54'),
(979, 'Mohamed Ali', '2', 2, '2017-05-05 02:55:05', '2017-05-05 02:55:05'),
(980, 'Ahmed Yoosuf', '3', 1, '2017-05-05 02:55:21', '2017-05-05 02:55:21'),
(981, 'Hassan Shamrooz', '4', 2, '2017-05-05 02:55:33', '2017-05-05 02:55:33'),
(982, 'Moahmed Abdul Latheef', '5', 1, '2017-05-05 02:55:43', '2017-05-05 02:55:43'),
(983, 'Mohamed Nashik Nizar', '6', 1, '2017-05-05 02:55:57', '2017-05-05 02:55:57'),
(984, 'Abdhullah Rasheed', '1', 6, '2017-05-05 02:56:11', '2017-05-05 02:56:11'),
(985, 'Hussain Rasheed', '2', 1, '2017-05-05 02:56:23', '2017-05-05 02:56:23'),
(986, 'Adam Hussain', '3', 1, '2017-05-05 02:56:36', '2017-05-05 02:56:36'),
(987, 'Adam Saamee', '4', 1, '2017-05-05 02:56:46', '2017-05-05 02:56:46'),
(988, 'Abdul Haris Idhrees', '5', 2, '2017-05-05 02:57:05', '2017-05-05 02:57:05'),
(989, 'Hamdhoon Mohamed', '1', 6, '2017-05-05 02:57:57', '2017-05-05 02:57:57'),
(990, 'Mohamed Nazeeh', '2', 6, '2017-05-05 02:58:07', '2017-05-05 02:58:07'),
(991, 'Ahmed Areef', '3', 6, '2017-05-05 02:58:19', '2017-05-05 02:58:19'),
(992, 'Nadheem Abdul Majeedh', '4', 6, '2017-05-05 02:58:40', '2017-05-05 02:58:40'),
(993, 'Ibrahim Latheef', '1', 1, '2017-05-05 02:58:57', '2017-05-05 02:58:57'),
(994, 'Samia Mohamed', '2', 2, '2017-05-05 02:59:09', '2017-05-05 02:59:09'),
(995, 'Shafeeqa Naseer', '3', 1, '2017-05-05 02:59:21', '2017-05-05 02:59:21'),
(996, 'Hussain Abdullah', '4', 6, '2017-05-05 02:59:37', '2017-05-05 02:59:37'),
(997, 'Ashraf Jamsheed', '5', 2, '2017-05-05 02:59:50', '2017-05-05 02:59:50'),
(998, 'Hussain Rasheed', '6', 6, '2017-05-05 03:00:05', '2017-05-05 03:00:05'),
(999, 'Mohamed Ibrahim', '7', 2, '2017-05-05 03:00:31', '2017-05-05 03:00:31'),
(1000, 'Hassan Sobah', '1', 2, '2017-05-05 03:00:42', '2017-05-05 03:00:42'),
(1001, 'Mohamed Latheef', '2', 6, '2017-05-05 03:00:56', '2017-05-05 03:00:56'),
(1002, 'Juwairiya Ibrahim', '3', 2, '2017-05-05 03:01:14', '2017-05-05 03:01:14'),
(1003, 'Ibrahim Zaki', '4', 6, '2017-05-05 03:01:25', '2017-05-05 03:01:25'),
(1004, 'Ahmed Sakif', '5', 2, '2017-05-05 03:01:39', '2017-05-05 03:01:39'),
(1005, 'Ahmed Shathir', '6', 6, '2017-05-05 03:02:00', '2017-05-05 03:02:00'),
(1006, 'Mauroof Adam', '7', 6, '2017-05-05 03:02:12', '2017-05-05 03:02:12'),
(1007, 'Ahmed Faris', '8', 3, '2017-05-05 03:02:22', '2017-05-05 03:02:22'),
(1008, 'Aishath Nisreen', '1', 6, '2017-05-05 03:02:34', '2017-05-05 03:02:34'),
(1009, 'Mohamed Shahidh', '2', 6, '2017-05-05 03:02:46', '2017-05-05 03:02:46'),
(1010, 'Hassan Abdul Rahman', '3', 2, '2017-05-05 03:02:59', '2017-05-05 03:02:59'),
(1011, 'Mohamed Naseem', '4', 2, '2017-05-05 03:03:11', '2017-05-05 03:03:11'),
(1012, 'Ahmed Saeedh', '5', 2, '2017-05-05 03:03:23', '2017-05-05 03:03:23'),
(1013, 'Haleemath Saeedha', '1', 2, '2017-05-05 03:03:39', '2017-05-05 03:03:39'),
(1014, 'Hussain Shamil', '2', 1, '2017-05-05 03:03:53', '2017-05-05 03:03:53'),
(1015, 'Ahmed Shakeeb', '3', 6, '2017-05-05 03:04:10', '2017-05-05 03:04:10'),
(1016, 'Jaufar Moosa', '4', 1, '2017-05-05 03:04:22', '2017-05-05 03:04:22'),
(1017, 'Adam Waheed', '5', 2, '2017-05-05 03:04:35', '2017-05-05 03:04:35'),
(1018, 'Hassan Iruham Mohamed', '6', 1, '2017-05-05 03:04:48', '2017-05-05 03:04:48'),
(1019, 'Ibrahim Waseem', '7', 2, '2017-05-05 03:05:00', '2017-05-05 03:05:00'),
(1020, 'Abdul Ghafoor Ismail', '1', 2, '2017-05-05 03:05:13', '2017-05-05 03:05:13'),
(1021, 'Yahya Abdul Rahman', '2', 6, '2017-05-05 03:05:25', '2017-05-05 03:05:25'),
(1022, 'Abdul Rahmaan Wafir', '3', 2, '2017-05-05 03:05:43', '2017-05-05 03:05:43'),
(1023, 'Imran Ismail', '4', 2, '2017-05-05 03:05:56', '2017-05-05 03:05:56'),
(1024, 'Ahmed Nishan', '5', 1, '2017-05-05 03:06:08', '2017-05-05 03:06:08'),
(1025, 'Hassan Mahasin', '1', 2, '2017-05-05 03:06:23', '2017-05-05 03:06:23'),
(1026, 'Ismail Naif', '2', 2, '2017-05-05 03:06:34', '2017-05-05 03:06:34'),
(1027, 'Mohamed Siraj', '3', 1, '2017-05-05 03:06:46', '2017-05-05 03:06:46'),
(1028, 'Ibrahim Rameez Hassan', '4', 2, '2017-05-05 03:06:59', '2017-05-05 03:06:59'),
(1029, 'Ibrahim Nisham', '5', 1, '2017-05-05 03:07:13', '2017-05-05 03:07:13'),
(1030, 'Ismail Fazil Faarooq', '6', 3, '2017-05-05 03:07:30', '2017-05-05 03:07:30'),
(1031, 'Mohamed Jaleel', '1', 1, '2017-05-05 03:11:06', '2017-05-05 03:11:06'),
(1032, 'Ahmed Sinan', '2', 2, '2017-05-05 03:11:28', '2017-05-05 03:11:28'),
(1033, 'Ahmed Adam', '3', 1, '2017-05-05 03:11:44', '2017-05-05 03:11:44'),
(1034, 'Mukhthaar Hassan', '4', 3, '2017-05-05 03:12:28', '2017-05-05 03:12:28'),
(1035, 'Moosa Ahmed', '5', 1, '2017-05-05 03:12:44', '2017-05-05 03:12:44'),
(1036, 'Haseema Abdul Rasheed', '6', 6, '2017-05-05 03:13:14', '2017-05-05 03:13:14'),
(1037, 'Ahmed Musthafa', '7', 3, '2017-05-05 03:13:46', '2017-05-05 03:13:46'),
(1038, 'Yooman Mohamed', '1', 1, '2017-05-05 03:15:13', '2017-05-05 03:15:13'),
(1039, 'Ihusaan', '2', 1, '2017-05-05 03:16:00', '2017-05-05 03:16:00'),
(1040, 'Akhthar Yoonus', '3', 2, '2017-05-05 03:16:38', '2017-05-05 03:16:38'),
(1041, 'Ahmed Aslam', '4', 2, '2017-05-05 03:16:56', '2017-05-05 03:16:56'),
(1042, 'Shifa Abdul Nasir', '5', 2, '2017-05-05 03:17:20', '2017-05-05 03:17:20'),
(1043, 'Nazla Abdul Sattar', '6', 6, '2017-05-05 03:17:52', '2017-05-05 03:17:52'),
(1044, 'Sinad', '7', 1, '2017-05-05 03:18:07', '2017-05-05 03:18:07'),
(1045, 'Abdullah Rasheed', '1', 2, '2017-05-05 03:19:21', '2017-05-05 03:19:21'),
(1046, 'Abdul Hameed Moosa', '2', 6, '2017-05-05 03:20:00', '2017-05-05 03:20:00'),
(1047, 'Moosa Jaleel', '3', 1, '2017-05-05 03:20:21', '2017-05-05 03:20:21'),
(1048, 'Mohamed Sabeeh', '4', 2, '2017-05-05 03:20:41', '2017-05-05 03:20:41'),
(1050, 'Mohamed Rameez', '5', 2, '2017-05-05 03:21:45', '2017-05-05 03:21:45'),
(1051, 'Ibrahim Zuhoor', '6', 1, '2017-05-05 03:22:03', '2017-05-05 03:22:03'),
(1052, 'Abdullah Waheed', '7', 1, '2017-05-05 03:22:23', '2017-05-05 03:22:23'),
(1053, 'Aruyash Mohamed', '1', 2, '2017-05-05 03:23:59', '2017-05-05 03:23:59'),
(1054, 'Sajid Ahmed Ibrahim', '2', 2, '2017-05-05 03:24:24', '2017-05-05 03:24:24'),
(1055, 'Ahmed Zaki', '3', 1, '2017-05-05 03:24:39', '2017-05-05 03:24:39'),
(1056, 'Ibrahim Abdul Latheef', '4', 1, '2017-05-05 03:25:41', '2017-05-05 03:25:41'),
(1057, 'Musthafa Waheed', '5', 2, '2017-05-05 03:26:11', '2017-05-05 03:26:11'),
(1058, 'Ali Mohamed', '6', 1, '2017-05-05 03:26:42', '2017-05-05 03:26:42'),
(1059, 'Abdul Azeez Hameed', '1', 6, '2017-05-05 03:27:39', '2017-05-05 03:27:39'),
(1060, 'Mohamed Jaleel', '2', 6, '2017-05-05 03:28:12', '2017-05-05 03:28:12'),
(1061, 'Abdul Latheef Mohamed', '3', 6, '2017-05-05 03:28:39', '2017-05-05 03:28:39'),
(1062, 'Abdul Jaleel Ahmed', '4', 2, '2017-05-05 03:29:01', '2017-05-05 03:29:01'),
(1064, 'Mohamed Ahmed', '5', 6, '2017-05-05 03:29:51', '2017-05-05 03:29:51'),
(1065, 'Ali Rasheed', '6', 6, '2017-05-05 03:30:19', '2017-05-05 03:30:19'),
(1066, 'Mohamed Azeez', '7', 6, '2017-05-05 03:30:40', '2017-05-05 03:30:40'),
(1067, 'Ali Mohamed', '8', 2, '2017-05-05 03:31:02', '2017-05-05 03:31:02'),
(1068, 'Shuraif Ibrahim Rasheed', '1', 1, '2017-05-05 03:32:51', '2017-05-05 03:32:51'),
(1069, 'Iyas Ismail Latheef', '2', 1, '2017-05-05 03:33:16', '2017-05-05 03:33:16'),
(1070, 'Mohamed Thaufeeq', '3', 1, '2017-05-05 03:33:34', '2017-05-05 03:33:34'),
(1071, 'Samih Abdullah', '4', 5, '2017-05-05 03:34:00', '2017-05-05 03:34:00'),
(1072, 'Ibrahim Afrah', '5', 5, '2017-05-05 03:34:28', '2017-05-05 03:34:28'),
(1073, 'Ali Shareef', '6', 5, '2017-05-05 03:34:47', '2017-05-05 03:34:47'),
(1074, 'Mohamed Mamdhooh', '1', 5, '2017-05-05 03:35:38', '2017-05-05 03:35:38'),
(1075, 'Mohamed Nafiu', '2', 6, '2017-05-05 03:36:00', '2017-05-05 03:36:00'),
(1076, 'Ahmed Eesa', '3', 6, '2017-05-05 03:36:24', '2017-05-05 03:36:24'),
(1077, 'Hassan Haneef', '4', 5, '2017-05-05 03:36:57', '2017-05-05 03:36:57'),
(1078, 'Umar Zahir', '5', 5, '2017-05-05 03:37:25', '2017-05-05 03:37:25'),
(1079, 'Ali Aslam', '6', 6, '2017-05-05 03:37:47', '2017-05-05 03:37:47'),
(1080, 'Yoosuf Naafiz', '1', 1, '2017-05-05 03:39:15', '2017-05-05 03:39:15'),
(1081, 'Hathim Ibrahim', '2', 6, '2017-05-05 03:39:41', '2017-05-05 03:39:41'),
(1082, 'Ashraf Hassan', '3', 6, '2017-05-05 03:40:03', '2017-05-05 03:40:03'),
(1083, 'Ahmed Niyaz', '4', 1, '2017-05-05 03:40:20', '2017-05-05 03:40:20'),
(1084, 'Ali Shameem', '1', 5, '2017-05-05 03:41:13', '2017-05-05 03:41:13'),
(1085, 'Ismail Nizam', '2', 1, '2017-05-05 03:41:29', '2017-05-05 03:41:29'),
(1086, 'Ahmed Shifau', '3', 1, '2017-05-05 03:42:00', '2017-05-05 03:42:00'),
(1087, 'Ismail Azzam', '4', 5, '2017-05-05 03:42:27', '2017-05-05 03:42:27'),
(1088, 'Shaazlee', '5', 5, '2017-05-05 03:43:00', '2017-05-05 03:43:00'),
(1089, 'Ahmed Fikuree', '1', 2, '2017-05-05 03:44:06', '2017-05-05 03:44:06'),
(1090, 'Ibrahim Siraj', '2', 6, '2017-05-05 03:44:40', '2017-05-05 03:44:40'),
(1091, 'Adhnan Ibrahim', '3', 1, '2017-05-05 03:45:21', '2017-05-05 03:45:21'),
(1092, 'Hussain Rasheed', '4', 6, '2017-05-05 03:45:45', '2017-05-05 03:45:45'),
(1094, 'Yoosuf Saeed', '5', 1, '2017-05-05 03:46:36', '2017-05-05 03:46:36'),
(1095, 'Nishan Farooq', '6', 1, '2017-05-05 03:47:21', '2017-05-05 03:47:21'),
(1096, 'Hilmee Abdullah Khaleel', '7', 6, '2017-05-05 03:48:12', '2017-05-05 03:48:12'),
(1097, 'Hussain Hassan', '8', 5, '2017-05-05 03:48:52', '2017-05-05 03:48:52'),
(1098, 'Mohamed Sawaad Jaufar', '1', 2, '2017-05-05 03:50:39', '2017-05-05 03:50:39'),
(1099, 'Ahmed Shaainu', '2', 5, '2017-05-05 03:51:09', '2017-05-05 03:51:09'),
(1100, 'Ahmed Visam', '3', 6, '2017-05-05 03:51:45', '2017-05-05 03:51:45'),
(1101, 'Ali Saudh', '4', 1, '2017-05-05 03:52:11', '2017-05-05 03:52:11'),
(1102, 'Abdullah Jameel', '5', 1, '2017-05-05 03:52:54', '2017-05-05 03:52:54'),
(1103, 'Aishath Shifana', '6', 2, '2017-05-05 03:53:21', '2017-05-05 03:53:21'),
(1104, 'Shuaib Abdul Latheef', '7', 5, '2017-05-05 03:53:48', '2017-05-05 03:53:48'),
(1105, 'Mohamed Hussain', '8', 6, '2017-05-05 03:54:49', '2017-05-05 03:54:49'),
(1106, 'Ahmed Sham', '9', 1, '2017-05-05 03:55:07', '2017-05-05 03:55:07'),
(1107, 'Ahmed Mauroof', '10', 1, '2017-05-05 03:55:34', '2017-05-05 03:55:34'),
(1108, 'Ibrahim Fikuree', '11', 5, '2017-05-05 03:55:59', '2017-05-05 03:55:59'),
(1109, 'Mohamed Zameer', '1', 1, '2017-05-05 03:58:26', '2017-05-05 03:58:26'),
(1110, 'Usman Areef', '2', 2, '2017-05-05 03:58:45', '2017-05-05 03:58:45'),
(1111, 'Adam Shazumeel', '3', 2, '2017-05-05 03:59:15', '2017-05-05 03:59:15'),
(1112, 'Hassan Zareer', '4', 1, '2017-05-05 03:59:32', '2017-05-05 03:59:32'),
(1113, 'Ahmed Saddam', '5', 1, '2017-05-05 04:00:10', '2017-05-05 04:00:10'),
(1114, 'Khadheeja Ibrahim', '6', 2, '2017-05-05 04:00:33', '2017-05-05 04:00:33'),
(1115, 'Hussain Jabeen', '1', 1, '2017-05-05 04:01:27', '2017-05-05 04:01:27'),
(1116, 'Raeef Rauf', '2', 2, '2017-05-05 04:01:48', '2017-05-05 04:01:48'),
(1117, 'Hussain Abdul Salaam Adam', '3', 1, '2017-05-05 04:02:10', '2017-05-05 04:02:10'),
(1118, 'Kiraam Mohamed', '4', 2, '2017-05-05 04:02:32', '2017-05-05 04:02:32'),
(1119, 'Umar Zamir', '5', 2, '2017-05-05 04:02:57', '2017-05-05 04:02:57'),
(1120, 'Ibrahim Shafiu', '6', 1, '2017-05-05 04:03:14', '2017-05-05 04:03:14'),
(1121, 'Hassan Abdhullah', '1', 1, '2017-05-05 04:04:00', '2017-05-05 04:04:00'),
(1122, 'Ali Rasheed', '2', 6, '2017-05-05 04:04:16', '2017-05-05 04:04:16'),
(1123, 'Ahmed Naseem', '3', 1, '2017-05-05 04:04:39', '2017-05-05 04:04:39'),
(1124, 'Ismail Hilmee', '4', 2, '2017-05-05 04:05:10', '2017-05-05 04:05:10'),
(1125, 'Abbas Ahmed', '5', 2, '2017-05-05 04:05:26', '2017-05-05 04:05:26'),
(1126, 'Ali Haseen', '6', 2, '2017-05-05 04:05:47', '2017-05-05 04:05:47'),
(1127, 'Ahmed Adil', '7', 1, '2017-05-05 04:06:09', '2017-05-05 04:06:09'),
(1128, 'Ahmed Rasheed Mohamed', '1', 1, '2017-05-05 04:07:31', '2017-05-05 04:07:31'),
(1129, 'Ibrahim Rasheed', '2', 6, '2017-05-05 04:07:47', '2017-05-05 04:07:47'),
(1130, 'Ismail Riyaz', '3', 3, '2017-05-05 04:08:04', '2017-05-05 04:08:04'),
(1131, 'Mohamed Visham', '4', 2, '2017-05-05 04:08:21', '2017-05-05 04:08:21'),
(1132, 'Abdul Azeez Ali', '5', 1, '2017-05-05 04:08:44', '2017-05-05 04:08:44'),
(1133, 'Aminath Shakeela', '6', 6, '2017-05-05 04:09:13', '2017-05-05 04:09:13'),
(1134, 'Mohamed Rasheed', '7', 2, '2017-05-05 04:09:31', '2017-05-05 04:09:31'),
(1135, 'Mohamed Muneer', '8', 1, '2017-05-05 04:09:45', '2017-05-05 04:09:45'),
(1136, 'Mohamed Shiyaz', '9', 3, '2017-05-05 04:10:07', '2017-05-05 04:10:07'),
(1137, 'Hassan Azleem', '10', 6, '2017-05-05 04:10:43', '2017-05-05 04:10:43'),
(1139, 'Naahid Abbas', '11', 2, '2017-05-05 04:11:22', '2017-05-05 04:11:22'),
(1140, 'Ramziya Abdul Rahman', '1', 1, '2017-05-05 04:14:04', '2017-05-05 04:14:04'),
(1141, 'Mohamed Nawaaz', '2', 1, '2017-05-05 04:14:28', '2017-05-05 04:14:28'),
(1142, 'Ali Nasih', '3', 1, '2017-05-05 04:15:03', '2017-05-05 04:15:03'),
(1143, 'Moosa Haleem', '4', 2, '2017-05-05 04:15:23', '2017-05-05 04:15:23'),
(1144, 'Mohamed Adam', '5', 2, '2017-05-05 04:15:41', '2017-05-05 04:15:41'),
(1145, 'Mohamed Rashaadh', '6', 2, '2017-05-05 04:16:29', '2017-05-05 04:16:29'),
(1146, 'Abdhulla Rasheed', '1', 2, '2017-05-05 04:19:08', '2017-05-05 04:19:08'),
(1147, 'Shiyaz Ibrahim', '2', 6, '2017-05-05 04:19:25', '2017-05-05 04:19:25'),
(1148, 'Mohamed Iyaz', '3', 2, '2017-05-05 04:19:41', '2017-05-05 04:19:41'),
(1149, 'Hassan Riyaz', '4', 6, '2017-05-05 04:20:29', '2017-05-05 04:20:29'),
(1150, 'Hussai Afeef', '5', 6, '2017-05-05 04:21:19', '2017-05-05 04:21:19'),
(1151, 'Ali Nizam', '6', 6, '2017-05-05 04:21:32', '2017-05-05 04:21:32'),
(1152, 'Mohamed Ziyadh', '7', 2, '2017-05-05 04:21:44', '2017-05-05 04:21:44'),
(1153, 'Mohamed Imadh', '1', 2, '2017-05-05 04:22:01', '2017-05-05 04:22:01'),
(1154, 'Mohamed Sajidh', '2', 1, '2017-05-05 04:22:11', '2017-05-05 04:22:11'),
(1155, 'Hussain Shakeeb', '3', 6, '2017-05-05 04:22:30', '2017-05-05 04:22:30'),
(1156, 'Adam Naseem', '4', 6, '2017-05-05 04:22:43', '2017-05-05 04:22:43'),
(1157, 'Eesa Shareef', '5', 6, '2017-05-05 04:22:56', '2017-05-05 04:22:56'),
(1158, 'Hussain Shiham', '6', 6, '2017-05-05 04:23:09', '2017-05-05 04:23:09'),
(1159, 'Mohamed Jalal', '7', 1, '2017-05-05 04:23:20', '2017-05-05 04:23:20'),
(1160, 'Ahmed Sameeu', '8', 2, '2017-05-05 04:23:38', '2017-05-05 04:23:38'),
(1161, 'Mausoom Mohamed', '9', 6, '2017-05-05 04:23:51', '2017-05-05 04:23:51'),
(1162, 'Ali Faiz', '10', 6, '2017-05-05 04:24:05', '2017-05-05 04:24:05'),
(1163, 'Ibrahim Shah', '11', 2, '2017-05-05 04:24:16', '2017-05-05 04:24:16'),
(1164, 'Mohamed Naseer', '12', 6, '2017-05-05 04:24:29', '2017-05-05 04:24:29'),
(1165, 'Jailam Ali', '1', 2, '2017-05-05 04:24:49', '2017-05-05 04:24:49'),
(1166, 'Hussain Shimau', '2', 2, '2017-05-05 04:25:02', '2017-05-05 04:25:02'),
(1167, 'Abdhullah Maooz', '3', 2, '2017-05-05 04:25:17', '2017-05-05 04:25:17'),
(1168, 'Hassan Shinan', '4', 1, '2017-05-05 04:25:28', '2017-05-05 04:25:28'),
(1169, 'Ziyaluhaqqu', '5', 6, '2017-05-05 04:25:56', '2017-05-05 04:25:56'),
(1170, 'Abdhul Muhaimin Abdhul Raheem', '6', 1, '2017-05-05 04:26:12', '2017-05-05 04:26:12'),
(1171, 'Ibrahim Siyaz', '7', 1, '2017-05-05 04:26:29', '2017-05-05 04:26:29'),
(1172, 'Ali Moosa Fulhu', '1', 2, '2017-05-05 04:26:45', '2017-05-05 04:26:45'),
(1173, 'Ismail Ibrahim', '2', 1, '2017-05-05 04:26:57', '2017-05-05 04:26:57'),
(1174, 'Mohamed Imadh', '3', 2, '2017-05-05 04:27:08', '2017-05-05 04:27:08'),
(1175, 'Fathuhullah Adam', '4', 2, '2017-05-05 04:27:19', '2017-05-05 04:27:19'),
(1176, 'Mohamed Aflah', '5', 6, '2017-05-05 04:27:34', '2017-05-05 04:27:34'),
(1177, 'Alim Abdhul Wahhab', '6', 1, '2017-05-05 04:28:28', '2017-05-05 04:28:28'),
(1178, 'Zamrath Mohamed', '7', 6, '2017-05-05 04:28:41', '2017-05-05 04:28:41'),
(1179, 'Ahmed Ibrahim', '8', 1, '2017-05-05 04:28:52', '2017-05-05 04:28:52'),
(1180, 'Mohamed Rameez', '1', 6, '2017-05-05 04:29:05', '2017-05-05 04:29:05'),
(1181, 'Nadheem Ahmed', '2', 6, '2017-05-05 04:29:20', '2017-05-05 04:29:20'),
(1182, 'Mohamed Adam Jaleel', '3', 6, '2017-05-05 04:29:32', '2017-05-05 04:29:32'),
(1183, 'Mohamed Imran', '4', 2, '2017-05-05 04:29:45', '2017-05-05 04:29:45'),
(1184, 'Aminath Nazima', '5', 1, '2017-05-05 04:29:59', '2017-05-05 04:29:59'),
(1185, 'Ahmed Amir', '6', 6, '2017-05-05 04:30:11', '2017-05-05 04:30:11'),
(1186, 'Mohamed Naseeh', '7', 2, '2017-05-05 04:30:28', '2017-05-05 04:30:28'),
(1187, 'Ahmed Fathuhee', '8', 6, '2017-05-05 04:30:41', '2017-05-05 04:30:41'),
(1188, 'Mariyam Sama', '9', 2, '2017-05-05 04:30:53', '2017-05-05 04:30:53'),
(1189, 'Mohamed Naseem', '10', 1, '2017-05-05 04:31:08', '2017-05-05 04:31:08'),
(1190, 'Ahmed Shafeeu', '11', 6, '2017-05-05 04:31:25', '2017-05-05 04:31:25'),
(1191, 'Hassan Mohamed', '1', 1, '2017-05-05 04:31:36', '2017-05-05 04:31:36'),
(1192, 'Yoonus Rashad', '2', 2, '2017-05-05 04:32:46', '2017-05-05 04:32:46'),
(1193, 'Ali Yasir', '3', 2, '2017-05-05 04:32:58', '2017-05-05 04:32:58'),
(1194, 'Hassan Rasheed', '4', 3, '2017-05-05 04:33:12', '2017-05-05 04:33:12'),
(1195, 'Mohamed Moosa', '5', 2, '2017-05-05 04:33:24', '2017-05-05 04:33:24'),
(1196, 'Faarooq Ali', '6', 3, '2017-05-05 04:33:38', '2017-05-05 04:33:38'),
(1197, 'Abdhullah Nazim', '7', 1, '2017-05-05 04:33:51', '2017-05-05 04:33:51'),
(1198, 'Mohamed Niyaz', '8', 1, '2017-05-05 04:34:33', '2017-05-05 04:34:33'),
(1199, 'Dheena Ahmed', '1', 6, '2017-05-05 04:34:47', '2017-05-05 04:34:47'),
(1200, 'Mohamed Azmeel', '2', 6, '2017-05-05 04:35:06', '2017-05-05 04:35:06'),
(1201, 'Mariyam Haseen', '3', 6, '2017-05-05 04:35:18', '2017-05-05 04:35:18'),
(1202, 'Aminath Suha', '4', 6, '2017-05-05 04:35:35', '2017-05-05 04:35:35'),
(1203, 'Jawidh Hassan', '5', 1, '2017-05-05 04:35:54', '2017-05-05 04:35:54'),
(1204, 'Haaroon Mohamed', '6', 6, '2017-05-05 04:36:08', '2017-05-05 04:36:08'),
(1205, 'Shahuzaman Mohamed', '7', 6, '2017-05-05 04:36:28', '2017-05-05 04:36:28'),
(1206, 'Naushaadh Naseer', '8', 6, '2017-05-05 04:37:28', '2017-05-05 04:37:28'),
(1207, 'Mariyam Afiya', '9', 6, '2017-05-05 04:37:42', '2017-05-05 04:37:42'),
(1208, 'Abdhullah Sair', '10', 1, '2017-05-05 04:38:01', '2017-05-05 04:38:01'),
(1209, 'Ismail Jaisham', '1', 2, '2017-05-05 06:20:17', '2017-05-05 06:20:17'),
(1210, 'Abdhul Latheef Moosa', '2', 3, '2017-05-05 06:21:35', '2017-05-05 06:21:35'),
(1211, 'Hassan Najeeb', '3', 2, '2017-05-05 06:21:49', '2017-05-05 06:21:49'),
(1212, 'Ahmed Muneer', '4', 6, '2017-05-05 06:22:07', '2017-05-05 06:22:07'),
(1213, 'Yoosuf Umar', '5', 6, '2017-05-05 06:22:28', '2017-05-05 06:22:28'),
(1214, 'Fathimath Nahula', '6', 6, '2017-05-05 06:22:47', '2017-05-05 06:22:47'),
(1215, 'Ali Thaufeeq', '7', 2, '2017-05-05 06:23:15', '2017-05-05 06:23:15'),
(1216, 'Ibrahim Fauzy', '8', 1, '2017-05-05 06:24:15', '2017-05-05 06:24:15'),
(1217, 'Ahmed Faisal', '9', 1, '2017-05-05 06:24:42', '2017-05-05 06:24:42'),
(1219, 'Ibrahim Khaleel', '10', 1, '2017-05-05 06:25:40', '2017-05-05 06:25:40'),
(1220, 'Hussain Fazeel', '1', 2, '2017-05-05 06:26:00', '2017-05-05 06:26:00'),
(1221, 'Hussain Saeedh', '2', 6, '2017-05-05 06:26:16', '2017-05-05 06:26:16'),
(1222, 'Hassan Muruthala', '3', 1, '2017-05-05 06:26:31', '2017-05-05 06:26:31'),
(1223, 'Ahmed Shareef', '4', 6, '2017-05-05 06:26:47', '2017-05-05 06:26:47'),
(1224, 'Hussain Ashraf', '5', 1, '2017-05-05 06:27:02', '2017-05-05 06:27:02'),
(1225, 'Ibrahim Shah', '6', 6, '2017-05-05 06:27:15', '2017-05-05 06:27:15'),
(1226, 'Ahmed Meesam', '7', 2, '2017-05-05 06:27:36', '2017-05-05 06:27:36'),
(1227, 'Ali Farhadh', '8', 2, '2017-05-05 06:27:54', '2017-05-05 06:27:54'),
(1228, 'Ibrahim Shareef', '1', 1, '2017-05-05 06:29:44', '2017-05-05 06:29:44'),
(1229, 'Ali Faisal', '2', 1, '2017-05-05 06:29:56', '2017-05-05 06:29:56'),
(1230, 'Abdhullah Rasheedh', '3', 2, '2017-05-05 06:30:15', '2017-05-05 06:30:15'),
(1231, 'Aminath Moosa', '4', 2, '2017-05-05 06:30:26', '2017-05-05 06:30:26'),
(1232, 'Ahmed Shujau', '5', 3, '2017-05-05 06:30:41', '2017-05-05 06:30:41'),
(1233, 'Hassan Adil', '6', 2, '2017-05-05 06:30:56', '2017-05-05 06:30:56'),
(1234, 'Hussain Zaeem', '1', 2, '2017-05-05 06:31:12', '2017-05-05 06:31:12'),
(1235, 'Ibrahim Naeem', '2', 6, '2017-05-05 06:31:30', '2017-05-05 06:31:30'),
(1236, 'Mohamed Jameel', '3', 2, '2017-05-05 06:32:02', '2017-05-05 06:32:02'),
(1237, 'Adam Nasif', '4', 3, '2017-05-05 06:32:23', '2017-05-05 06:32:23'),
(1238, 'Aslam Mohamed', '1', 3, '2017-05-05 06:32:36', '2017-05-05 06:32:36'),
(1239, 'Mohamed Siyam', '2', 1, '2017-05-05 06:32:51', '2017-05-05 06:32:51'),
(1240, 'Abdhullah Haleem', '3', 6, '2017-05-05 06:33:31', '2017-05-05 06:33:31'),
(1241, 'Abdhullah Qasim', '4', 3, '2017-05-05 06:33:47', '2017-05-05 06:33:47'),
(1242, 'Ali Waheedh', '5', 2, '2017-05-05 06:34:01', '2017-05-05 06:34:01'),
(1243, 'Mauroof Sulaiman', '6', 2, '2017-05-05 06:34:18', '2017-05-05 06:34:18'),
(1244, 'Ahmed Salaah', '7', 3, '2017-05-05 06:34:33', '2017-05-05 06:34:33'),
(1245, 'Ahmed Shaaheen', '8', 1, '2017-05-05 06:34:45', '2017-05-05 06:34:45'),
(1246, 'Nahula Aboobakuru', '9', 1, '2017-05-05 06:35:00', '2017-05-05 06:35:00'),
(1247, 'Abdul Samadh Hussain', '10', 1, '2017-05-05 06:35:13', '2017-05-05 06:35:13'),
(1248, 'Ibrahim Auraf', '11', 2, '2017-05-05 06:35:31', '2017-05-05 06:35:31'),
(1249, 'Mohamed Suneel', '12', 2, '2017-05-05 06:35:49', '2017-05-05 06:35:49'),
(1250, 'Ismail Zakee', '13', 1, '2017-05-05 06:37:42', '2017-05-05 06:37:42'),
(1251, 'Adam Rasheed', '14', 2, '2017-05-05 06:37:57', '2017-05-05 06:37:57'),
(1252, 'Abdhullah Nafiz', '15', 3, '2017-05-05 06:38:13', '2017-05-05 06:38:13'),
(1253, 'Mohamed Aboobakuru', '16', 3, '2017-05-05 06:38:35', '2017-05-05 06:38:35'),
(1254, 'Waleedh Zakariyya', '1', 6, '2017-05-05 06:38:56', '2017-05-05 06:38:56'),
(1255, 'Khadheeja Maureen', '2', 2, '2017-05-05 06:39:14', '2017-05-05 06:39:14'),
(1256, 'Ahmed Farees', '3', 6, '2017-05-05 06:39:31', '2017-05-05 06:39:31'),
(1257, 'Adam Abdul Rahmaan', '4', 1, '2017-05-05 06:39:51', '2017-05-05 06:39:51'),
(1258, 'Ibrahim Aboobakuru', '5', 2, '2017-05-05 06:40:07', '2017-05-05 06:40:07'),
(1259, 'Ahmed Moosa', '6', 2, '2017-05-05 06:40:21', '2017-05-05 06:40:21'),
(1260, 'Ahmed Thaha', '1', 6, '2017-05-05 06:40:39', '2017-05-05 06:40:39'),
(1261, 'Ali Assadh', '2', 3, '2017-05-05 06:40:52', '2017-05-05 06:40:52'),
(1262, 'Abdhullah Anees', '3', 2, '2017-05-05 06:41:07', '2017-05-05 06:41:07'),
(1263, 'Ibrahim Shahidh', '4', 3, '2017-05-05 06:41:20', '2017-05-05 06:41:20'),
(1264, 'Ahmed Ali', '5', 6, '2017-05-05 06:41:31', '2017-05-05 06:41:31'),
(1265, 'Farhadh Mohamed', '6', 6, '2017-05-05 06:41:44', '2017-05-05 06:41:44'),
(1266, 'Moosa Abdhullah', '7', 2, '2017-05-05 06:41:59', '2017-05-05 06:41:59'),
(1267, 'Ameeliya Abdhullah', '8', 6, '2017-05-05 06:42:14', '2017-05-05 06:42:14'),
(1268, 'Ibrahim Nahidh', '9', 1, '2017-05-05 06:42:25', '2017-05-05 06:42:25'),
(1269, 'Ahmed Riyaz', '10', 2, '2017-05-05 06:42:50', '2017-05-05 06:42:50'),
(1270, 'Ali Shaheedh', '1', 2, '2017-05-05 06:43:04', '2017-05-05 06:43:04'),
(1271, 'Moosa Idhrees', '2', 2, '2017-05-05 06:43:20', '2017-05-05 06:43:20'),
(1272, 'Yoosuf Irufan', '3', 1, '2017-05-05 06:43:35', '2017-05-05 06:43:35'),
(1273, 'Hussain Habeeb Ali', '4', 1, '2017-05-05 06:43:50', '2017-05-05 06:43:50'),
(1274, 'Abdhul Muhsin Mohamed', '5', 1, '2017-05-05 06:44:13', '2017-05-05 06:44:13'),
(1275, 'Ahmed Latheef', '6', 2, '2017-05-05 06:44:28', '2017-05-05 06:44:28'),
(1276, 'Fahudh Aboobakuru', '1', 2, '2017-05-05 06:44:45', '2017-05-05 06:44:45'),
(1277, 'Nafiz Hussain', '2', 1, '2017-05-05 06:44:59', '2017-05-05 06:44:59'),
(1278, 'Ali Sharim', '3', 2, '2017-05-05 06:45:19', '2017-05-05 06:45:19'),
(1279, 'Ahmed Faisal', '4', 1, '2017-05-05 06:45:33', '2017-05-05 06:45:33'),
(1280, 'Mohamed Faruhadh Ali', '5', 2, '2017-05-05 06:45:53', '2017-05-05 06:45:53'),
(1281, 'Ahmed Mohamed', '6', 1, '2017-05-05 06:46:07', '2017-05-05 06:46:07'),
(1282, 'Fathimath Fareedha', '1', 6, '2017-05-05 06:46:24', '2017-05-05 06:46:24'),
(1283, 'Sobree Abdhullah', '2', 1, '2017-05-05 06:46:40', '2017-05-05 06:46:40'),
(1284, 'Hawwa Jawaza', '3', 6, '2017-05-05 06:46:56', '2017-05-05 06:46:56'),
(1285, 'Asmau Aboobakuru', '4', 1, '2017-05-05 06:47:21', '2017-05-05 06:47:21'),
(1286, 'Ahmed Athoof', '5', 6, '2017-05-05 06:47:33', '2017-05-05 06:47:33'),
(1287, 'Ahmed Nabeel', '6', 2, '2017-05-05 06:47:50', '2017-05-05 06:47:50'),
(1288, 'Mohamed Azeel', '7', 6, '2017-05-05 06:48:03', '2017-05-05 06:48:03'),
(1289, 'Aishath Shahula', '8', 2, '2017-05-05 06:48:19', '2017-05-05 06:48:19'),
(1290, 'Ahmed Hassaan', '9', 2, '2017-05-05 06:48:32', '2017-05-05 06:48:32'),
(1291, 'Lirugham Saeedh', '10', 3, '2017-05-05 06:48:56', '2017-05-05 06:48:56'),
(1292, 'Aishath Nazeela', '1', 2, '2017-05-05 06:49:18', '2017-05-05 06:49:18'),
(1293, 'Ahmed Faruhan', '2', 2, '2017-05-05 06:49:31', '2017-05-05 06:49:31'),
(1294, 'Abdhul Muhaimin', '3', 2, '2017-05-05 06:50:10', '2017-05-05 06:50:10'),
(1295, 'Mariyam Ahmed', '4', 1, '2017-05-05 06:50:22', '2017-05-05 06:50:22'),
(1296, 'Hussain Khaleel', '5', 1, '2017-05-05 06:50:35', '2017-05-05 06:50:35'),
(1297, 'Ahmed Asim', '6', 1, '2017-05-05 06:51:06', '2017-05-05 06:51:06'),
(1298, 'Mohamed Shareef', '7', 6, '2017-05-05 06:51:18', '2017-05-05 06:51:18'),
(1299, 'Ibrahim Aleem', '1', 2, '2017-05-05 06:54:40', '2017-05-05 06:54:40'),
(1300, 'Mohamed Rifshan', '2', 2, '2017-05-05 06:54:51', '2017-05-05 06:54:51'),
(1301, 'Adhnan Hassan', '3', 2, '2017-05-05 06:55:03', '2017-05-05 06:55:03'),
(1302, 'Shaffathullah Jameel', '4', 1, '2017-05-05 06:55:16', '2017-05-05 06:55:16'),
(1303, 'Ahmed Raoof', '5', 1, '2017-05-05 06:55:27', '2017-05-05 06:55:27'),
(1304, 'Ibrahim Waheed', '6', 1, '2017-05-05 06:55:37', '2017-05-05 06:55:37'),
(1305, 'Musthafa Mohamed', '1', 1, '2017-05-05 06:56:03', '2017-05-05 06:56:03'),
(1306, 'Shameel Abdhul Azeez', '2', 2, '2017-05-05 06:56:17', '2017-05-05 06:56:17'),
(1307, 'Habeeb Hassan', '3', 1, '2017-05-05 06:56:27', '2017-05-05 06:56:27');
INSERT INTO `candidates` (`id`, `name`, `number`, `political_party_id`, `created_at`, `updated_at`) VALUES
(1308, 'Hassan Naseem', '4', 6, '2017-05-05 06:56:56', '2017-05-05 06:56:56'),
(1309, 'Nazleen Najeeb', '5', 2, '2017-05-05 06:57:10', '2017-05-05 06:57:10'),
(1310, 'Mazeedh Abdhullah', '6', 1, '2017-05-05 06:57:27', '2017-05-05 06:57:27'),
(1311, 'Ali Mubeen', '7', 2, '2017-05-05 06:57:40', '2017-05-05 06:57:40'),
(1313, 'Mohamed Iqbal Fikuree', '8', 1, '2017-05-05 06:58:30', '2017-05-05 06:58:30'),
(1314, 'Ahmed Junaidh', '9', 2, '2017-05-05 06:58:42', '2017-05-05 06:58:42'),
(1315, 'Saudhullah Rasheedh', '10', 2, '2017-05-05 06:58:57', '2017-05-05 06:58:57'),
(1316, 'Imran Anwar', '11', 3, '2017-05-05 06:59:10', '2017-05-05 06:59:10'),
(1317, 'Ahmed Didi', '12', 6, '2017-05-05 07:00:25', '2017-05-05 07:00:25'),
(1318, 'Luqmaan Naeem', '13', 1, '2017-05-05 07:00:41', '2017-05-05 07:00:41'),
(1319, 'Mariyam Yumna', '1', 3, '2017-05-05 07:00:59', '2017-05-05 07:00:59'),
(1320, 'Mohamed Zaeem', '2', 1, '2017-05-05 07:05:19', '2017-05-05 07:05:19'),
(1321, 'Shujau Mohamed', '3', 1, '2017-05-05 07:05:32', '2017-05-05 07:05:32'),
(1322, 'Ahmed Rasheed', '4', 2, '2017-05-05 07:05:45', '2017-05-05 07:05:45'),
(1323, 'Mariyam Ahmeema', '5', 2, '2017-05-05 07:06:06', '2017-05-05 07:06:06'),
(1324, 'Azlee Naseer', '6', 3, '2017-05-05 07:07:01', '2017-05-05 07:07:01'),
(1325, 'Ahmed Azum', '7', 6, '2017-05-05 07:07:15', '2017-05-05 07:07:15'),
(1326, 'Khadheeja Shiuna', '8', 1, '2017-05-05 07:19:27', '2017-05-05 07:19:27'),
(1327, 'Jihaadha Muneer', '9', 2, '2017-05-05 07:19:47', '2017-05-05 07:19:47'),
(1328, 'Muaz', '1', 6, '2017-05-05 07:20:13', '2017-05-05 07:20:13'),
(1329, 'Mohamed Faisal', '2', 2, '2017-05-05 07:20:27', '2017-05-05 07:20:27'),
(1330, 'Ahmed Shaneez', '3', 2, '2017-05-05 07:20:40', '2017-05-05 07:20:40'),
(1331, 'Nasih Ibrahim', '4', 2, '2017-05-05 07:21:01', '2017-05-05 07:21:01'),
(1332, 'Shimaz Ali', '5', 6, '2017-05-05 07:21:21', '2017-05-05 07:21:21'),
(1333, 'Ahmed Didi', '6', 6, '2017-05-05 07:21:53', '2017-05-05 07:21:53'),
(1334, 'Hassan Didi', '7', 3, '2017-05-05 07:22:11', '2017-05-05 07:22:11'),
(1335, 'Mohamed Hussain', '1', 6, '2017-05-05 07:22:31', '2017-05-05 07:22:31'),
(1336, 'Ismail Latheef', '2', 1, '2017-05-05 07:22:45', '2017-05-05 07:22:45'),
(1337, 'Ismail Mohamed', '3', 1, '2017-05-05 07:22:56', '2017-05-05 07:22:56'),
(1338, 'Faris Mohamed', '4', 2, '2017-05-05 07:23:27', '2017-05-05 07:23:27'),
(1339, 'Jabir Naseem', '5', 6, '2017-05-05 07:23:44', '2017-05-05 07:23:44'),
(1340, 'Aishath Shareef', '6', 3, '2017-05-05 07:24:07', '2017-05-05 07:24:07'),
(1341, 'Shamheedh Ibrahim', '7', 6, '2017-05-05 07:24:44', '2017-05-05 07:24:44'),
(1342, 'Hamzath Wafir', '8', 1, '2017-05-05 07:25:04', '2017-05-05 07:25:04'),
(1343, 'Ibrahim Thaufee', '1', 1, '2017-05-05 07:25:19', '2017-05-05 07:25:19'),
(1344, 'Maumoon Ibrahim', '2', 2, '2017-05-05 07:25:33', '2017-05-05 07:25:33'),
(1345, 'Ahmed Najmeen', '3', 1, '2017-05-05 07:25:51', '2017-05-05 07:25:51'),
(1346, 'Abdhullah Shafiu', '4', 2, '2017-05-05 07:26:04', '2017-05-05 07:26:04'),
(1347, 'Jeeza Zuhair', '5', 2, '2017-05-05 07:26:18', '2017-05-05 07:26:18'),
(1348, 'Hussain Ibrahim', '6', 1, '2017-05-05 07:26:32', '2017-05-05 07:26:32'),
(1349, 'Mohamed Abdhullah Didi', '1', 6, '2017-05-05 07:26:51', '2017-05-05 07:26:51'),
(1350, 'Ahmed Abdul Hakeem', '2', 6, '2017-05-05 07:27:11', '2017-05-05 07:27:11'),
(1351, 'Naudhadh Nasir', '3', 2, '2017-05-05 07:27:27', '2017-05-05 07:27:27'),
(1352, 'Mohamed Suraqath Qasim', '4', 6, '2017-05-05 07:27:51', '2017-05-05 07:27:51'),
(1353, 'Zihan Abdhullah Didi', '5', 1, '2017-05-05 07:28:07', '2017-05-05 07:28:07'),
(1354, 'Siyam Mohamed', '6', 2, '2017-05-05 07:28:21', '2017-05-05 07:28:21'),
(1355, 'Muruthala Saleem', '7', 6, '2017-05-05 07:28:39', '2017-05-05 07:28:39'),
(1356, 'Mohamed Imthiyaz Ahmed', '8', 2, '2017-05-05 07:28:55', '2017-05-05 07:28:55'),
(1357, 'Zahir Mohamed', '1', 6, '2017-05-05 07:29:11', '2017-05-05 07:29:11'),
(1358, 'Adam Haleem', '2', 6, '2017-05-05 07:29:26', '2017-05-05 07:29:26'),
(1359, 'Mohamed Musaffir', '3', 1, '2017-05-05 07:29:48', '2017-05-05 07:29:48'),
(1360, 'Hussain Hamdhaan', '4', 2, '2017-05-05 07:30:12', '2017-05-05 07:30:12'),
(1361, 'Abdul Hannan', '5', 6, '2017-05-05 07:30:25', '2017-05-05 07:30:25'),
(1362, 'Abdhullah Shiyan', '6', 6, '2017-05-05 07:30:40', '2017-05-05 07:30:40'),
(1363, 'Jadhullah Rasheedh', '7', 6, '2017-05-05 07:30:57', '2017-05-05 07:30:57'),
(1364, 'Abdhul Muthalib', '8', 2, '2017-05-05 07:31:11', '2017-05-05 07:31:11'),
(1365, 'Shamweel Ibrahim', '9', 1, '2017-05-05 07:31:24', '2017-05-05 07:31:24'),
(1366, 'Nishreen Hassan', '10', 2, '2017-05-05 07:31:38', '2017-05-05 07:31:38'),
(1367, 'Shahidh Ibrahim Didi', '1', 2, '2017-05-05 07:32:09', '2017-05-05 07:32:09'),
(1368, 'Shamidh Hassan', '2', 2, '2017-05-05 07:32:39', '2017-05-05 07:32:39'),
(1369, 'Shiumaz Abdul Samadh', '3', 1, '2017-05-05 07:32:59', '2017-05-05 07:32:59'),
(1370, 'Ahmed Shaheem', '4', 1, '2017-05-05 07:33:22', '2017-05-05 07:33:22'),
(1371, 'Ahmed Akhubaaru', '5', 1, '2017-05-05 07:33:44', '2017-05-05 07:33:44'),
(1372, 'Ahmed Irshadh Ismail', '6', 2, '2017-05-05 07:34:01', '2017-05-05 07:34:01'),
(1373, 'Ibrahim Adam', '1', 3, '2017-05-05 07:34:42', '2017-05-05 07:34:42'),
(1374, 'Ahmed Sadhooq', '2', 2, '2017-05-05 07:35:03', '2017-05-05 07:35:03'),
(1375, 'Hussain Rauhath Gudhurathullah', '3', 2, '2017-05-05 07:35:25', '2017-05-05 07:35:25'),
(1376, 'Hussain Ahmed', '4', 2, '2017-05-05 07:35:42', '2017-05-05 07:35:42'),
(1377, 'Ali Hussain', '5', 3, '2017-05-05 07:35:56', '2017-05-05 07:35:56'),
(1378, 'Ibrahim Assadh', '6', 1, '2017-05-05 07:36:16', '2017-05-05 07:36:16'),
(1379, 'Ibrahim Riyaz', '7', 1, '2017-05-05 07:36:33', '2017-05-05 07:36:33'),
(1380, 'Ibrahim Shafradh', '8', 6, '2017-05-05 07:36:52', '2017-05-05 07:36:52'),
(1381, 'Mohamed Nazeer', '9', 3, '2017-05-05 07:37:04', '2017-05-05 07:37:04'),
(1382, 'Mariyam Nareeman Shareef', '10', 1, '2017-05-05 07:37:33', '2017-05-05 07:37:33'),
(1383, 'Ikleel Adam', '11', 2, '2017-05-05 07:37:47', '2017-05-05 07:37:47'),
(1384, 'Ali Amjadh', '12', 1, '2017-05-05 07:38:09', '2017-05-05 07:38:09'),
(1385, 'Mohamed Amjadh', '13', 1, '2017-05-05 07:38:39', '2017-05-05 07:38:39'),
(1386, 'Arif Hussain', '14', 2, '2017-05-05 07:39:07', '2017-05-05 07:39:07'),
(1387, 'Ibrahim Mohamed', '1', 2, '2017-05-05 07:39:38', '2017-05-05 07:39:38'),
(1388, 'Niyas Hassan', '2', 2, '2017-05-05 07:40:19', '2017-05-05 07:40:19'),
(1389, 'Fiyaz Hassan', '3', 3, '2017-05-05 07:41:05', '2017-05-05 07:41:05'),
(1390, 'Hussain Qasim', '4', 6, '2017-05-05 07:41:34', '2017-05-05 07:41:34'),
(1391, 'Asif Ahmed Waheedh', '5', 2, '2017-05-05 07:41:53', '2017-05-05 07:41:53'),
(1392, 'Azam Mohamed', '6', 3, '2017-05-05 07:42:06', '2017-05-05 07:42:06'),
(1393, 'Jadhullah Waleedh', '7', 6, '2017-05-05 07:44:20', '2017-05-05 07:44:20'),
(1394, 'Aishath Abdullah', '8', 6, '2017-05-05 07:46:06', '2017-05-05 07:46:06'),
(1395, 'Hussain Mohamed', '9', 6, '2017-05-05 07:46:48', '2017-05-05 07:46:48'),
(1396, 'Hameez Ahmed', '10', 3, '2017-05-05 07:47:14', '2017-05-05 07:47:14'),
(1397, 'Ishan Ahmed', '11', 6, '2017-05-05 07:47:32', '2017-05-05 07:47:32'),
(1398, 'Abdhullah Saeedh', '1', 1, '2017-05-05 07:47:50', '2017-05-05 07:47:50'),
(1399, 'Abdhullah Shifaz', '2', 3, '2017-05-05 07:48:31', '2017-05-05 07:48:31'),
(1400, 'Mohamed Saeedh', '3', 2, '2017-05-05 07:48:47', '2017-05-05 07:48:47'),
(1401, 'Mohamed Ashraaf', '4', 1, '2017-05-05 07:49:12', '2017-05-05 07:49:12'),
(1402, 'Abdhullah Rasheedh', '5', 2, '2017-05-05 07:49:28', '2017-05-05 07:49:28'),
(1403, 'Mohamed Ayaz', '6', 1, '2017-05-05 07:49:45', '2017-05-05 07:49:45'),
(1404, 'Rifshan Ahmed Saeedh', '7', 2, '2017-05-05 07:50:00', '2017-05-05 07:50:00'),
(1405, 'Ali Niyaz', '1', 1, '2017-05-05 07:50:17', '2017-05-05 07:50:17'),
(1406, 'Shizan Najeeb', '2', 6, '2017-05-05 07:50:37', '2017-05-05 07:50:37'),
(1407, 'Mohamed Shaaneez', '3', 2, '2017-05-05 07:50:51', '2017-05-05 07:50:51'),
(1408, 'Ahmed Zahim', '4', 6, '2017-05-05 07:51:11', '2017-05-05 07:51:11'),
(1409, 'Fareesh Faarooq', '5', 1, '2017-05-05 07:51:30', '2017-05-05 07:51:30'),
(1410, 'Faisal Najeeb', '6', 2, '2017-05-05 07:51:47', '2017-05-05 07:51:47'),
(1411, 'Mahmoodh Abdhullah', '7', 1, '2017-05-05 07:52:06', '2017-05-05 07:52:06'),
(1412, 'Shahumadh Azeez', '8', 2, '2017-05-05 07:52:26', '2017-05-05 07:52:26'),
(1413, 'Aminath Farhana', '1', 2, '2017-05-05 07:52:44', '2017-05-05 07:52:44'),
(1414, 'Amir Abdhuhha', '2', 1, '2017-05-05 07:53:01', '2017-05-05 07:53:01'),
(1415, 'Aminath Farzeena', '3', 1, '2017-05-05 07:53:21', '2017-05-05 07:53:21'),
(1416, 'Shahudh Abdul Wahhab', '4', 1, '2017-05-05 07:53:37', '2017-05-05 07:53:37'),
(1417, 'Mohamed Labeeb', '5', 2, '2017-05-05 07:53:57', '2017-05-05 07:53:57'),
(1418, 'Rayyan Jamaal', '6', 1, '2017-05-05 07:54:13', '2017-05-05 07:54:13'),
(1419, 'Ibrahim Shareef', '7', 2, '2017-05-05 07:54:40', '2017-05-05 07:54:40'),
(1420, 'Ashhadh Ahmed', '8', 2, '2017-05-05 07:55:05', '2017-05-05 07:55:05'),
(1421, 'Ahmed Rasheed', '9', 2, '2017-05-05 07:55:20', '2017-05-05 07:55:20'),
(1422, 'Ahmed Rifshan', '10', 1, '2017-05-05 07:55:34', '2017-05-05 07:55:34'),
(1423, 'Mohamed Ahmed', '11', 6, '2017-05-05 07:55:52', '2017-05-05 07:55:52'),
(1424, 'Absam Abdhullah', '1', 6, '2017-05-05 07:56:12', '2017-05-05 07:56:12'),
(1425, 'Arshan Ahmed', '2', 2, '2017-05-05 07:56:27', '2017-05-05 07:56:27'),
(1426, 'Mohamed Rasheedh', '3', 6, '2017-05-05 07:56:41', '2017-05-05 07:56:41'),
(1427, 'Hunaif Aslam', '4', 1, '2017-05-05 07:56:58', '2017-05-05 07:56:58'),
(1428, 'Jihadh Abdhullah', '5', 6, '2017-05-05 07:57:24', '2017-05-05 07:57:24'),
(1429, 'Hassan Moosa', '6', 1, '2017-05-05 07:57:54', '2017-05-05 07:57:54'),
(1430, 'Adil Ibrahim', '7', 6, '2017-05-05 07:58:08', '2017-05-05 07:58:08'),
(1431, 'Husnee Saeedh', '8', 2, '2017-05-05 07:58:33', '2017-05-05 07:58:33'),
(1432, 'Yasir Abdul Muhsin', '9', 2, '2017-05-05 07:58:58', '2017-05-05 07:58:58'),
(1433, 'Mohamed Waheedh', '1', 2, '2017-05-05 07:59:17', '2017-05-05 07:59:17'),
(1434, 'Ahmed Abdhullah', '2', 2, '2017-05-05 07:59:31', '2017-05-05 07:59:31'),
(1435, 'Saeedh Ali', '3', 2, '2017-05-05 07:59:47', '2017-05-05 07:59:47'),
(1436, 'Ali Didi', '4', 3, '2017-05-05 08:00:11', '2017-05-05 08:00:11'),
(1437, 'Ahmed Didi', '5', 6, '2017-05-05 08:00:35', '2017-05-05 08:00:35'),
(1438, 'Abdhullah Rushdhee', '6', 6, '2017-05-05 08:00:56', '2017-05-05 08:00:56'),
(1439, 'Adhnan Ahmed', '1', 2, '2017-05-05 08:02:20', '2017-05-05 08:02:20'),
(1440, 'Saeed Mohamed', '2', 6, '2017-05-05 08:02:59', '2017-05-05 08:02:59'),
(1441, 'Ahmed Ashfaq Zahir', '3', 6, '2017-05-05 08:03:33', '2017-05-05 08:03:33'),
(1442, 'Shuzam Solih', '4', 6, '2017-05-05 08:04:04', '2017-05-05 08:04:04'),
(1443, 'Ali Fahzan', '5', 2, '2017-05-05 08:04:36', '2017-05-05 08:04:36'),
(1444, 'Naaila Abdul Samad', '6', 6, '2017-05-05 08:05:26', '2017-05-05 08:05:26'),
(1445, 'Mohamed Ahmed', '7', 3, '2017-05-05 08:06:00', '2017-05-05 08:06:00'),
(1446, 'Mohamed Saeedh', '8', 6, '2017-05-05 08:06:36', '2017-05-05 08:06:36'),
(1447, 'Yasir Mohamed', '1', 2, '2017-05-05 08:08:00', '2017-05-05 08:08:00'),
(1448, 'Mohamed Sobah', '2', 1, '2017-05-05 08:08:36', '2017-05-05 08:08:36'),
(1449, 'Ahmed Suaid Waheed', '3', 1, '2017-05-05 08:09:14', '2017-05-05 08:09:14'),
(1450, 'Mohamed Ahmed', '4', 1, '2017-05-05 08:09:36', '2017-05-05 08:09:36'),
(1451, 'Nasrullah Mohamed', '5', 2, '2017-05-05 08:10:35', '2017-05-05 08:10:35'),
(1452, 'Ibrahim Sobah', '6', 2, '2017-05-05 08:11:13', '2017-05-05 08:11:13'),
(1453, 'Ahmed Zayaan', '7', 3, '2017-05-05 08:12:07', '2017-05-05 08:12:07');

-- --------------------------------------------------------

--
-- Table structure for table `city_councils`
--

CREATE TABLE `city_councils` (
  `id` int(10) UNSIGNED NOT NULL,
  `atoll_id` int(11) NOT NULL,
  `name` varchar(191) COLLATE utf8mb4_unicode_ci NOT NULL,
  `created_at` timestamp NULL DEFAULT NULL,
  `updated_at` timestamp NULL DEFAULT NULL
) ENGINE=InnoDB DEFAULT CHARSET=utf8mb4 COLLATE=utf8mb4_unicode_ci;

--
-- Dumping data for table `city_councils`
--

INSERT INTO `city_councils` (`id`, `atoll_id`, `name`, `created_at`, `updated_at`) VALUES
(1, 8, 'Male'' City', NULL, NULL),
(2, 19, 'Fuvamulah City', NULL, NULL),
(3, 20, 'Addu City', NULL, NULL);

-- --------------------------------------------------------

--
-- Table structure for table `city_council_candidates`
--

CREATE TABLE `city_council_candidates` (
  `id` int(10) UNSIGNED NOT NULL,
  `atoll_id` int(11) NOT NULL,
  `city_council_id` int(11) NOT NULL,
  `candidate_id` int(11) NOT NULL,
  `created_at` timestamp NULL DEFAULT NULL,
  `updated_at` timestamp NULL DEFAULT NULL
) ENGINE=InnoDB DEFAULT CHARSET=utf8mb4 COLLATE=utf8mb4_unicode_ci;

-- --------------------------------------------------------

--
-- Table structure for table `city_council_sections`
--

CREATE TABLE `city_council_sections` (
  `id` int(10) UNSIGNED NOT NULL,
  `atoll_id` int(11) NOT NULL,
  `name` varchar(191) COLLATE utf8mb4_unicode_ci NOT NULL,
  `created_at` timestamp NULL DEFAULT NULL,
  `updated_at` timestamp NULL DEFAULT NULL
) ENGINE=InnoDB DEFAULT CHARSET=utf8mb4 COLLATE=utf8mb4_unicode_ci;

--
-- Dumping data for table `city_council_sections`
--

INSERT INTO `city_council_sections` (`id`, `atoll_id`, `name`, `created_at`, `updated_at`) VALUES
(1, 8, 'Kaafu Dhaairaa', NULL, NULL),
(2, 19, 'Fuvamulah Dhaairaa eh', NULL, NULL),
(3, 20, 'Addu City dhaairaa ', NULL, NULL);

-- --------------------------------------------------------

--
-- Table structure for table `islands`
--

CREATE TABLE `islands` (
  `id` int(10) UNSIGNED NOT NULL,
  `atoll_reg_no` varchar(191) COLLATE utf8mb4_unicode_ci NOT NULL,
  `island_reg_no` varchar(191) COLLATE utf8mb4_unicode_ci NOT NULL,
  `english_official_island_name` varchar(191) COLLATE utf8mb4_unicode_ci NOT NULL,
  `dhivehi_official_island_name` varchar(191) COLLATE utf8mb4_unicode_ci NOT NULL,
  `island_type` varchar(191) COLLATE utf8mb4_unicode_ci NOT NULL,
  `created_at` timestamp NULL DEFAULT NULL,
  `updated_at` timestamp NULL DEFAULT NULL
) ENGINE=InnoDB DEFAULT CHARSET=utf8mb4 COLLATE=utf8mb4_unicode_ci;

--
-- Dumping data for table `islands`
--

INSERT INTO `islands` (`id`, `atoll_reg_no`, `island_reg_no`, `english_official_island_name`, `dhivehi_official_island_name`, `island_type`, `created_at`, `updated_at`) VALUES
(1, 'A', 'A01', 'Thuraakunu', '????????', 'Inhabited Island', NULL, NULL),
(2, 'A', 'A02', 'Uligan', '????????', 'Inhabited Island', NULL, NULL),
(3, 'A', 'A05', 'Molhadhoo', '??????', 'Inhabited Island', NULL, NULL),
(4, 'A', 'A06', 'Hoarafushi', '????????', 'Inhabited Island', NULL, NULL),
(5, 'A', 'A07', 'Ihavandhoo', '??????????', 'Inhabited Island', NULL, NULL),
(6, 'A', 'A08', 'Kelaa', '????', 'Inhabited Island', NULL, NULL),
(7, 'A', 'A09', 'Vashafaru', '????????', 'Inhabited Island', NULL, NULL),
(8, 'A', 'A10', 'Dhidhdhoo', '??????', 'Inhabited Island', NULL, NULL),
(9, 'A', 'A11', 'Filladhoo', '????????', 'Inhabited Island', NULL, NULL),
(10, 'A', 'A12', 'Maarandhoo', '????????', 'Inhabited Island', NULL, NULL),
(11, 'A', 'A13', 'Thakandhoo', '????????', 'Inhabited Island', NULL, NULL),
(12, 'A', 'A14', 'Utheemu', '??????', 'Inhabited Island', NULL, NULL),
(13, 'A', 'A15', 'Muraidhoo', '????????', 'Inhabited Island', NULL, NULL),
(14, 'A', 'A16', 'Baarah', '??????', 'Inhabited Island', NULL, NULL),
(15, 'A', '', 'Alidhoo', '??????', 'Resort Island', NULL, NULL),
(16, 'A', '', 'Dhonakulhi', '????????', 'Resort Island', NULL, NULL),
(17, 'A', '', 'Manafaru', '????????', 'Resort Island', NULL, NULL),
(18, 'B', 'B01', 'Faridhoo', '??????', 'Inhabited Island', NULL, NULL),
(19, 'B', 'B02', 'Hanimaadhoo', '????????', 'Inhabited Island', NULL, NULL),
(20, 'B', 'B03', 'Finey', '????', 'Inhabited Island', NULL, NULL),
(21, 'B', 'B04', 'Naivaadhoo', '????????', 'Inhabited Island', NULL, NULL),
(22, 'B', 'B05', 'Hirimaradhoo', '??????????', 'Inhabited Island', NULL, NULL),
(23, 'B', 'B06', 'Nolhivaranfaru', '??????????????', 'Inhabited Island', NULL, NULL),
(24, 'B', 'B07', 'Nellaidhoo', '??????????', 'Inhabited Island', NULL, NULL),
(25, 'B', 'B08', 'Nolhivaram', '??????????', 'Inhabited Island', NULL, NULL),
(26, 'B', 'B09', 'Kurinbi', '???????', 'Inhabited Island', NULL, NULL),
(27, 'B', 'B10', 'Kunburudhoo', '?????????', 'Inhabited Island', NULL, NULL),
(28, 'B', 'B11', 'Kulhudhuffushi', '????????????', 'Inhabited Island', NULL, NULL),
(29, 'B', 'B12', 'Kumundhoo', '????????', 'Inhabited Island', NULL, NULL),
(30, 'B', 'B13', 'Neykurendhoo', '??????????', 'Inhabited Island', NULL, NULL),
(31, 'B', 'B14', 'Vaikaradhoo', '??????????', 'Inhabited Island', NULL, NULL),
(32, 'B', 'B15', 'Maavaidhoo', '????????', 'Inhabited Island', NULL, NULL),
(33, 'B', 'B16', 'Makunudhoo', '????????', 'Inhabited Island', NULL, NULL),
(34, 'C', 'C01', 'Kanditheemu', '?????????', 'Inhabited Island', NULL, NULL),
(35, 'C', 'C02', 'Noomaraa', '??????', 'Inhabited Island', NULL, NULL),
(36, 'C', 'C03', 'Goidhoo', '??????', 'Inhabited Island', NULL, NULL),
(37, 'C', 'C04', 'Feydhoo', '????', 'Inhabited Island', NULL, NULL),
(38, 'C', 'C05', 'Feevah', '??????', 'Inhabited Island', NULL, NULL),
(39, 'C', 'C06', 'Bilehffahi', '??????????', 'Inhabited Island', NULL, NULL),
(40, 'C', 'C07', 'Foakaidhoo', '????????', 'Inhabited Island', NULL, NULL),
(41, 'C', 'C08', 'Narudhoo', '??????', 'Inhabited Island', NULL, NULL),
(42, 'C', 'C09', 'Maakandoodhoo', '?????????', 'Inhabited Island', NULL, NULL),
(43, 'C', 'C10', 'Maroshi', '??????', 'Inhabited Island', NULL, NULL),
(44, 'C', 'C11', 'Lhaimagu', '????????', 'Inhabited Island', NULL, NULL),
(45, 'C', 'C12', 'Firubaidhoo', '???????????', 'Inhabited Island', NULL, NULL),
(46, 'C', 'C13', 'Komandoo', '????????', 'Inhabited Island', NULL, NULL),
(47, 'C', 'C14', 'Maaungoodhoo', '?????????', 'Inhabited Island', NULL, NULL),
(48, 'C', 'C15', 'Funadhoo', '??????', 'Inhabited Island', NULL, NULL),
(49, 'C', 'C16', 'Milandhoo', '????????', 'Inhabited Island', NULL, NULL),
(50, 'C', '', 'Vagaru', '??????', 'Resort Island', NULL, NULL),
(51, 'D', 'D01', 'Henbandhoo', '???????', 'Inhabited Island', NULL, NULL),
(52, 'D', 'D02', 'Kendhikolhudhoo', '???????????', 'Inhabited Island', NULL, NULL),
(53, 'D', 'D04', 'Maalhendhoo', '????????', 'Inhabited Island', NULL, NULL),
(54, 'D', 'D05', 'Kudafari', '????????', 'Inhabited Island', NULL, NULL),
(55, 'D', 'D06', 'Landhoo', '??????', 'Inhabited Island', NULL, NULL),
(56, 'D', 'D07', 'Maafaru', '??????', 'Inhabited Island', NULL, NULL),
(57, 'D', 'D08', 'Lhohi', '????', 'Inhabited Island', NULL, NULL),
(58, 'D', 'D09', 'Miladhoo', '??????', 'Inhabited Island', NULL, NULL),
(59, 'D', 'D10', 'Magoodhoo', '??????', 'Inhabited Island', NULL, NULL),
(60, 'D', 'D11', 'Manadhoo', '??????', 'Inhabited Island', NULL, NULL),
(61, 'D', 'D12', 'Holhudhoo', '??????', 'Inhabited Island', NULL, NULL),
(62, 'D', 'D13', 'Fodhdhoo', '??????', 'Inhabited Island', NULL, NULL),
(63, 'D', 'D14', 'Velidhoo', '??????', 'Inhabited Island', NULL, NULL),
(64, 'D', '', 'Kudafunafaru', '????????????', 'Resort Island', NULL, NULL),
(65, 'D', '', 'Medhafushi', '????????', 'Resort Island', NULL, NULL),
(66, 'E', 'E01', 'Alifushi', '????????', 'Inhabited Island', NULL, NULL),
(67, 'E', 'E02', 'Vaadhoo', '????', 'Inhabited Island', NULL, NULL),
(68, 'E', 'E03', 'Rasgetheemu', '??????????', 'Inhabited Island', NULL, NULL),
(69, 'E', 'E04', 'Angolhitheemu', '???????????', 'Inhabited Island', NULL, NULL),
(70, 'E', 'E06', 'Ungoofaaru', '?????????', 'Inhabited Island', NULL, NULL),
(71, 'E', 'E08', 'Maakurathu', '????????', 'Inhabited Island', NULL, NULL),
(72, 'E', 'E09', 'Rasmaadhoo', '????????', 'Inhabited Island', NULL, NULL),
(73, 'E', 'E10', 'Innamaadhoo', '??????????', 'Inhabited Island', NULL, NULL),
(74, 'E', 'E11', 'Maduvvari', '??????????', 'Inhabited Island', NULL, NULL),
(75, 'E', 'E12', 'Inguraidhoo', '???????????', 'Inhabited Island', NULL, NULL),
(76, 'E', 'E13', 'Fainu', '??????', 'Inhabited Island', NULL, NULL),
(77, 'E', 'E14', 'Meedhoo', '????', 'Inhabited Island', NULL, NULL),
(78, 'E', 'E15', 'Kinolhas', '????????', 'Inhabited Island', NULL, NULL),
(79, 'E', 'E05', 'Hulhudhuffaaru', '????????????', 'Inhabited Island', NULL, NULL),
(80, 'E', '', 'Meedhupparu', '??????????', 'Resort Island', NULL, NULL),
(81, 'E', 'E', 'Dhuvaafaru', '????????', 'Inhabited Island', NULL, NULL),
(82, 'F', 'F01', 'Kudarikilu', '??????????', 'Inhabited Island', NULL, NULL),
(83, 'F', 'F02', 'Kamadhoo', '??????', 'Inhabited Island', NULL, NULL),
(84, 'F', 'F03', 'Kendhoo', '??????', 'Inhabited Island', NULL, NULL),
(85, 'F', 'F04', 'Kihaadhoo', '??????', 'Inhabited Island', NULL, NULL),
(86, 'F', 'F05', 'Dhonfanu', '????????', 'Inhabited Island', NULL, NULL),
(87, 'F', 'F06', 'Dharavandhoo', '??????????', 'Inhabited Island', NULL, NULL),
(88, 'F', 'F07', 'Maalhos', '??????', 'Inhabited Island', NULL, NULL),
(89, 'F', 'F08', 'Eydhafushi', '????????', 'Inhabited Island', NULL, NULL),
(90, 'F', 'F09', 'Thulhaadhoo', '??????', 'Inhabited Island', NULL, NULL),
(91, 'F', 'F10', 'Hithaadhoo', '??????', 'Inhabited Island', NULL, NULL),
(92, 'F', 'F11', 'Fulhadhoo', '??????', 'Inhabited Island', NULL, NULL),
(93, 'F', 'F12', 'Fehendhoo', '????????', 'Inhabited Island', NULL, NULL),
(94, 'F', 'F13', 'Goidhoo', '??????', 'Inhabited Island', NULL, NULL),
(95, 'F', '', 'Landaagiraavaru', '?????????????', 'Resort Island', NULL, NULL),
(96, 'F', '', 'Dhunikolhu', '????????', 'Resort Island', NULL, NULL),
(97, 'F', '', 'Kihaadhuffaru', '????????????', 'Resort Island', NULL, NULL),
(98, 'F', '', 'Fonimagoodhoo', '??????????', 'Resort Island', NULL, NULL),
(99, 'F', '', 'Kunfunadhoo', '??????????', 'Resort Island', NULL, NULL),
(100, 'F', '', 'Horubadhoo', '?????????', 'Resort Island', NULL, NULL),
(101, 'F', '', 'Kihavah Haruvalhi', '??????????????????', 'Resort Island', NULL, NULL),
(102, 'F', '', 'Mudhdhoo', '??????', 'Resort Island', NULL, NULL),
(103, 'G', 'G01', 'Hinnavaru', '??????????', 'Inhabited Island', NULL, NULL),
(104, 'G', 'G02', 'Naifaru', '????????', 'Inhabited Island', NULL, NULL),
(105, 'G', 'G03', 'Kurendhoo', '????????', 'Inhabited Island', NULL, NULL),
(106, 'G', 'G04', 'Olhuvelifushi', '????????????', 'Inhabited Island', NULL, NULL),
(107, 'G', 'G05', 'Maafilaafushi', '??????????', 'Inhabited Island', NULL, NULL),
(108, 'G', 'G', 'Felivaru', '????????', 'Inhabited Island', NULL, NULL),
(109, 'G', '', 'Kanuhuraa', '????????', 'Resort Island', NULL, NULL),
(110, 'G', '', 'Komandoo', '????????', 'Resort Island', NULL, NULL),
(111, 'G', '', 'Kuredhdhoo', '????????', 'Resort Island', NULL, NULL),
(112, 'G', '', 'Madhiriguraidhoo', '??????????????', 'Resort Island', NULL, NULL),
(113, 'T', 'T10', 'Male''', '????', 'Inhabited Island', NULL, NULL),
(114, 'T', '', 'Villingili', '?????????', 'Inhabited Island', NULL, NULL),
(115, 'T', '', 'Hulhumale''', '????????', 'Inhabited Island', NULL, NULL),
(116, 'H', 'H01', 'Kaashidhoo', '??????', 'Inhabited Island', NULL, NULL),
(117, 'H', 'H02', 'Gaafaru', '??????', 'Inhabited Island', NULL, NULL),
(118, 'H', 'H03', 'Dhiffushi', '????????', 'Inhabited Island', NULL, NULL),
(119, 'H', 'H04', 'Thulusdhoo', '????????', 'Inhabited Island', NULL, NULL),
(120, 'H', 'H05', 'Huraa', '????', 'Inhabited Island', NULL, NULL),
(121, 'H', 'H06', 'Himmafushi', '??????????', 'Inhabited Island', NULL, NULL),
(122, 'H', 'H07', 'Gulhi', '????', 'Inhabited Island', NULL, NULL),
(123, 'H', 'H09', 'Maafushi', '??????', 'Inhabited Island', NULL, NULL),
(124, 'H', 'H08', 'Guraidhoo', '????????', 'Inhabited Island', NULL, NULL),
(125, 'H', '', 'Asdhu', '??????', 'Resort Island', NULL, NULL),
(126, 'H', '', 'Bandos', '???????', 'Resort Island', NULL, NULL),
(127, 'H', '', 'Baros', '??????', 'Resort Island', NULL, NULL),
(128, 'H', '', 'Biyaadhu', '??????', 'Resort Island', NULL, NULL),
(129, 'H', '', 'Boduhithi', '????????', 'Resort Island', NULL, NULL),
(130, 'H', '', 'Bolifushi', '????????', 'Resort Island', NULL, NULL),
(131, 'H', '', 'Farukolhufushi', '????????????', 'Resort Island', NULL, NULL),
(132, 'H', '', 'Rannalhi', '????????', 'Resort Island', NULL, NULL),
(133, 'H', '', 'Makunufushi', '??????????', 'Resort Island', NULL, NULL),
(134, 'H', '', 'Dhigufinohlu', '??????????', 'Resort Island', NULL, NULL),
(135, 'H', '', 'Emboodhu', '???????', 'Resort Island', NULL, NULL),
(136, 'H', '', 'Eriyadhoo', '????????', 'Resort Island', NULL, NULL),
(137, 'H', '', 'Fihaalhohi', '????????', 'Resort Island', NULL, NULL),
(138, 'H', '', 'Kuda Huraa', '????????', 'Resort Island', NULL, NULL),
(139, 'H', '', 'Furanafushi', '??????????', 'Resort Island', NULL, NULL),
(140, 'H', '', 'Bodufinolhu', '??????????', 'Resort Island', NULL, NULL),
(141, 'H', '', 'Gasfinolhu', '??????????', 'Resort Island', NULL, NULL),
(142, 'H', '', 'Giraavaru', '????????', 'Resort Island', NULL, NULL),
(143, 'H', '', 'Helegeli', '?????????', 'Resort Island', NULL, NULL),
(144, 'H', '', 'Lankanfushi', '????????????', 'Resort Island', NULL, NULL),
(145, 'H', '', 'Ihuru', '??????', 'Resort Island', NULL, NULL),
(146, 'H', '', 'Kandoomafushi', '???????????', 'Resort Island', NULL, NULL),
(147, 'H', '', 'Kanifinolhu', '??????????', 'Resort Island', NULL, NULL),
(148, 'H', '', 'Kudahithi', '????????', 'Resort Island', NULL, NULL),
(149, 'H', '', 'Vihamanaafushi', '????????????', 'Resort Island', NULL, NULL),
(150, 'H', '', 'Velassaru', '????????', 'Resort Island', NULL, NULL),
(151, 'H', '', 'Lhohifushi', '????????', 'Resort Island', NULL, NULL),
(152, 'H', '', 'Mankunudhoo', '????????', 'Resort Island', NULL, NULL),
(153, 'H', '', 'Meerufenfushi', '????????????', 'Resort Island', NULL, NULL),
(154, 'H', '', 'Nakatchafushi', '????????????', 'Resort Island', NULL, NULL),
(155, 'H', '', 'Olhuveli', '????????', 'Resort Island', NULL, NULL),
(156, 'H', '', 'Veligandu Huraa', '?????????????', 'Resort Island', NULL, NULL),
(157, 'H', '', 'Lankanfinolhu', '??????????????', 'Resort Island', NULL, NULL),
(158, 'H', '', 'Medhufinolhu', '??????????', 'Resort Island', NULL, NULL),
(159, 'H', '', 'Mahaanaelhi Huraa', '??????????????', 'Resort Island', NULL, NULL),
(160, 'H', '', 'Ziyaaraiyfushi', '????????????', 'Resort Island', NULL, NULL),
(161, 'H', '', 'Kanuoiy Huraa', '????????????', 'Resort Island', NULL, NULL),
(162, 'H', '', 'Thulhagiri', '????????', 'Resort Island', NULL, NULL),
(163, 'H', '', 'Embudhu Finolhu', '??????? ??????', 'Resort Island', NULL, NULL),
(164, 'H', '', 'Vaadhu', '????', 'Resort Island', NULL, NULL),
(165, 'H', '', 'Vabbinfaru', '????????????', 'Resort Island', NULL, NULL),
(166, 'H', '', 'Vilivaru', '????????', 'Resort Island', NULL, NULL),
(167, 'H', '', 'Hembadhoo', '???????', 'Resort Island', NULL, NULL),
(168, 'U', 'U01', 'Thoddoo', '??????', 'Inhabited Island', NULL, NULL),
(169, 'U', 'U02', 'Rasdhoo', '??????', 'Inhabited Island', NULL, NULL),
(170, 'U', 'U03', 'Ukulhas', '????????', 'Inhabited Island', NULL, NULL),
(171, 'U', 'U04', 'Mathiveri', '????????', 'Inhabited Island', NULL, NULL),
(172, 'U', 'U05', 'Bodufolhudhoo', '??????????', 'Inhabited Island', NULL, NULL),
(173, 'U', 'U06', 'Feridhoo', '??????', 'Inhabited Island', NULL, NULL),
(174, 'U', 'U07', 'Maalhos', '??????', 'Inhabited Island', NULL, NULL),
(175, 'U', 'U08', 'Himandhoo', '????????', 'Inhabited Island', NULL, NULL),
(176, 'U', '', 'Bathala', '??????', 'Resort Island', NULL, NULL),
(177, 'U', '', 'Ellaidhu', '??????????', 'Resort Island', NULL, NULL),
(178, 'U', '', 'Fesdhoo', '??????', 'Resort Island', NULL, NULL),
(179, 'U', '', 'Gangehi', '????????', 'Resort Island', NULL, NULL),
(180, 'U', '', 'Halaveli', '????????', 'Resort Island', NULL, NULL),
(181, 'U', '', 'Kuramathi', '????????', 'Resort Island', NULL, NULL),
(182, 'U', '', 'Maayaafushi', '????????', 'Resort Island', NULL, NULL),
(183, 'U', '', 'Madoogali', '????????', 'Resort Island', NULL, NULL),
(184, 'U', '', 'Kudafolhudhoo', '??????????', 'Resort Island', NULL, NULL),
(185, 'U', '', 'Veligandu', '?????????', 'Resort Island', NULL, NULL),
(186, 'U', '', 'Velidhoo', '??????', 'Resort Island', NULL, NULL),
(187, 'I', 'I01', 'Hangnameedhoo', '??????????', 'Inhabited Island', NULL, NULL),
(188, 'I', 'I02', 'Omadhoo', '??????', 'Inhabited Island', NULL, NULL),
(189, 'I', 'I03', 'Kuburudhoo', '?????????', 'Inhabited Island', NULL, NULL),
(190, 'I', 'I04', 'Mahibadhoo', '????????', 'Inhabited Island', NULL, NULL),
(191, 'I', 'I05', 'Mandhoo', '??????', 'Inhabited Island', NULL, NULL),
(192, 'I', 'I06', 'Dhangethi', '???????', 'Inhabited Island', NULL, NULL),
(193, 'I', 'I07', 'Dhigurah', '????????', 'Inhabited Island', NULL, NULL),
(194, 'I', 'I08', 'Fenfushi', '????????', 'Inhabited Island', NULL, NULL),
(195, 'I', 'I09', 'Dhidhdhoo', '??????', 'Inhabited Island', NULL, NULL),
(196, 'I', 'I10', 'Maamigili', '????????', 'Inhabited Island', NULL, NULL),
(197, 'I', '', 'Angaaga', '???????', 'Resort Island', NULL, NULL),
(198, 'I', '', 'Dhidhdhoofinolhu', '????????????', 'Resort Island', NULL, NULL),
(199, 'I', '', 'Athurugau', '??????????', 'Resort Island', NULL, NULL),
(200, 'I', '', 'Dhiffushi', '????????', 'Resort Island', NULL, NULL),
(201, 'I', '', 'Kuda Rah', '????????', 'Resort Island', NULL, NULL),
(202, 'I', '', 'Huvahendhoo', '??????????', 'Resort Island', NULL, NULL),
(203, 'I', '', 'Machchafushi', '??????????', 'Resort Island', NULL, NULL),
(204, 'I', '', 'Mirihi', '??????', 'Resort Island', NULL, NULL),
(205, 'I', '', 'Rangalifinolhu', '??????????????', 'Resort Island', NULL, NULL),
(206, 'I', '', 'Moofushi', '??????', 'Resort Island', NULL, NULL),
(207, 'I', '', 'Villingilivaru', '?????????????', 'Resort Island', NULL, NULL),
(208, 'I', '', 'Nalaguraidhoo', '????????????', 'Resort Island', NULL, NULL),
(209, 'I', '', 'Thundufushi', '?????????', 'Resort Island', NULL, NULL),
(210, 'I', '', 'Maafushivaru', '??????????', 'Resort Island', NULL, NULL),
(211, 'I', '', 'Vakarufalhi', '??????????', 'Resort Island', NULL, NULL),
(212, 'I', '', 'Vilamendhoo', '??????????', 'Resort Island', NULL, NULL),
(213, 'J', 'J01', 'Fulidhoo', '??????', 'Inhabited Island', NULL, NULL),
(214, 'J', 'J02', 'Thinadhoo', '??????', 'Inhabited Island', NULL, NULL),
(215, 'J', 'J03', 'Felidhoo', '??????', 'Inhabited Island', NULL, NULL),
(216, 'J', 'J04', 'Keyodhoo', '??????', 'Inhabited Island', NULL, NULL),
(217, 'J', 'J05', 'Rakeedhoo', '??????', 'Inhabited Island', NULL, NULL),
(218, 'J', '', 'Alimatha', '????????', 'Resort Island', NULL, NULL),
(219, 'J', '', 'Dhiggiri', '????????', 'Resort Island', NULL, NULL),
(220, 'K', 'K01', 'Raimandhoo', '??????????', 'Inhabited Island', NULL, NULL),
(221, 'K', 'K03', 'Veyvah', '??????', 'Inhabited Island', NULL, NULL),
(222, 'K', 'K04', 'Mulah', '??????', 'Inhabited Island', NULL, NULL),
(223, 'K', 'K05', 'Muli', '????', 'Inhabited Island', NULL, NULL),
(224, 'K', 'K06', 'Naalaafushi', '????????', 'Inhabited Island', NULL, NULL),
(225, 'K', 'K07', 'Kolhufushi', '????????', 'Inhabited Island', NULL, NULL),
(226, 'K', 'K08', 'Dhiggaru', '????????', 'Inhabited Island', NULL, NULL),
(227, 'K', 'K09', 'Maduvvari', '??????????', 'Inhabited Island', NULL, NULL),
(228, 'K', '', 'Hakuraa Huraa', '??????????', 'Resort Island', NULL, NULL),
(229, 'K', '', 'Medhufushi', '????????', 'Resort Island', NULL, NULL),
(230, 'L', 'L01', 'Feeali', '??????', 'Inhabited Island', NULL, NULL),
(231, 'L', 'L02', 'Biledhdhoo', '????????', 'Inhabited Island', NULL, NULL),
(232, 'L', 'L03', 'Magoodhoo', '??????', 'Inhabited Island', NULL, NULL),
(233, 'L', 'L04', 'Dharaboodhoo', '?????????', 'Inhabited Island', NULL, NULL),
(234, 'L', 'L05', 'Nilandhoo', '????????', 'Inhabited Island', NULL, NULL),
(235, 'L', '', 'Filitheyo', '????????', 'Resort Island', NULL, NULL),
(236, 'M', 'M01', 'Meedhoo', '????', 'Inhabited Island', NULL, NULL),
(237, 'M', 'M02', 'Bandidhoo', '???????', 'Inhabited Island', NULL, NULL),
(238, 'M', 'M03', 'Rinbudhoo', '???????', 'Inhabited Island', NULL, NULL),
(239, 'M', 'M04', 'Hulhudheli', '????????', 'Inhabited Island', NULL, NULL),
(240, 'M', 'M05', 'Gemendhoo', '????????', 'Inhabited Island', NULL, NULL),
(241, 'M', 'M06', 'Vaanee', '????', 'Inhabited Island', NULL, NULL),
(242, 'M', 'M07', 'Maaenboodhoo', '?????????', 'Inhabited Island', NULL, NULL),
(243, 'M', 'M08', 'Kudahuvadhoo', '??????????', 'Inhabited Island', NULL, NULL),
(244, 'M', '', 'Velavaru', '????????', 'Resort Island', NULL, NULL),
(245, 'M', '', 'Meedhuffushi', '??????????', 'Resort Island', NULL, NULL),
(246, 'M', '', 'Olhuveli', '????????', 'Resort Island', NULL, NULL),
(247, 'N', 'N01', 'Buruni', '??????', 'Inhabited Island', NULL, NULL),
(248, 'N', 'N02', 'Vilufushi', '????????', 'Inhabited Island', NULL, NULL),
(249, 'N', 'N03', 'Madifushi', '????????', 'Inhabited Island', NULL, NULL),
(250, 'N', 'N04', 'Dhiyamigili', '??????????', 'Inhabited Island', NULL, NULL),
(251, 'N', 'N05', 'Guraidhoo', '????????', 'Inhabited Island', NULL, NULL),
(252, 'N', 'N06', 'Kandoodhoo', '???????', 'Inhabited Island', NULL, NULL),
(253, 'N', 'N07', 'Vandhoo', '??????', 'Inhabited Island', NULL, NULL),
(254, 'N', 'N08', 'Hirilandhoo', '??????????', 'Inhabited Island', NULL, NULL),
(255, 'N', 'N09', 'Gaadhiffushi', '??????????', 'Inhabited Island', NULL, NULL),
(256, 'N', 'N10', 'Thimarafushi', '??????????', 'Inhabited Island', NULL, NULL),
(257, 'N', 'N11', 'Veymandoo', '????????', 'Inhabited Island', NULL, NULL),
(258, 'N', 'N12', 'Kinbidhoo', '???????', 'Inhabited Island', NULL, NULL),
(259, 'N', 'N13', 'Omadhoo', '??????', 'Inhabited Island', NULL, NULL),
(260, 'O', 'O01', 'Isdhoo', '??????', 'Inhabited Island', NULL, NULL),
(261, 'O', 'O02', 'Dhabidhoo', '???????', 'Inhabited Island', NULL, NULL),
(262, 'O', 'O03', 'Maabaidhoo', '????????', 'Inhabited Island', NULL, NULL),
(263, 'O', 'O04', 'Mundoo', '??????', 'Inhabited Island', NULL, NULL),
(264, 'O', 'O05', 'Kalhaidhoo', '????????', 'Inhabited Island', NULL, NULL),
(265, 'O', 'O06', 'Gan', '????', 'Inhabited Island', NULL, NULL),
(266, 'O', 'O07', 'Maavah', '??????', 'Inhabited Island', NULL, NULL),
(267, 'O', 'O08', 'Fonadhoo', '??????', 'Inhabited Island', NULL, NULL),
(268, 'O', 'O09', 'Gaadhoo', '????', 'Inhabited Island', NULL, NULL),
(269, 'O', 'O10', 'Maamendhoo', '????????', 'Inhabited Island', NULL, NULL),
(270, 'O', 'O11', 'Hithadhoo', '??????', 'Inhabited Island', NULL, NULL),
(271, 'O', 'O12', 'Kunahandhoo', '??????????', 'Inhabited Island', NULL, NULL),
(272, 'O', '', 'Olhuveli', '????????', 'Resort Island', NULL, NULL),
(273, 'P', 'P01', 'Kolamaafushi', '??????????', 'Inhabited Island', NULL, NULL),
(274, 'P', 'P02', 'Villingili', '?????????', 'Inhabited Island', NULL, NULL),
(275, 'P', 'P03', 'Maamendhoo', '????????', 'Inhabited Island', NULL, NULL),
(276, 'P', 'P04', 'Nilandhoo', '????????', 'Inhabited Island', NULL, NULL),
(277, 'P', 'P05', 'Dhaandhoo', '??????', 'Inhabited Island', NULL, NULL),
(278, 'P', 'P06', 'Dhevvadhoo', '????????', 'Inhabited Island', NULL, NULL),
(279, 'P', 'P07', 'Kondey', '?????', 'Inhabited Island', NULL, NULL),
(280, 'P', 'P08', 'Dhiyadhoo', '??????', 'Inhabited Island', NULL, NULL),
(281, 'P', 'P09', 'Gemanafushi', '??????????', 'Inhabited Island', NULL, NULL),
(282, 'P', 'P10', 'Kanduhulhudhoo', '???????????', 'Inhabited Island', NULL, NULL),
(283, 'P', '', 'Falhumaafushi', '??????????', 'Resort Island', NULL, NULL),
(284, 'P', '', 'Funamauddoo', '????????????', 'Resort Island', NULL, NULL),
(285, 'P', '', 'Hadahaa', '??????', 'Resort Island', NULL, NULL),
(286, 'P', '', 'Meradhoo', '??????', 'Resort Island', NULL, NULL),
(287, 'Q', 'Q01', 'Madaveli', '????????', 'Inhabited Island', NULL, NULL),
(288, 'Q', 'Q02', 'Hoadedhdhoo', '????????', 'Inhabited Island', NULL, NULL),
(289, 'Q', 'Q03', 'Nadellaa', '????????', 'Inhabited Island', NULL, NULL),
(290, 'Q', 'Q04', 'Gadhdhoo', '??????', 'Inhabited Island', NULL, NULL),
(291, 'Q', 'Q05', 'Rathafandhoo', '??????????', 'Inhabited Island', NULL, NULL),
(292, 'Q', 'Q06', 'Vaadhoo', '????', 'Inhabited Island', NULL, NULL),
(293, 'Q', 'Q07', 'Fiyoari', '??????', 'Inhabited Island', NULL, NULL),
(294, 'Q', 'Q10', 'Thinadhoo', '??????', 'Inhabited Island', NULL, NULL),
(295, 'Q', 'Q', 'Fares-Maathodaa', '????????????', 'Inhabited Island', NULL, NULL),
(296, 'Q', '', 'Magudhdhuvaa', '??????????', 'Resort Island', NULL, NULL),
(297, 'R', 'R01', 'Fuvahmulah', '????????????', 'Inhabited Island', NULL, NULL),
(298, 'S', 'S01', 'Meedhoo', '????', 'Inhabited Island', NULL, NULL),
(299, 'S', 'S02', 'Hithadhoo', '??????', 'Inhabited Island', NULL, NULL),
(300, 'S', 'S03', 'Maradhoo', '??????', 'Inhabited Island', NULL, NULL),
(301, 'S', 'S04', 'Feydhoo', '????', 'Inhabited Island', NULL, NULL),
(302, 'S', 'S05', 'Maradhoo-Feydhoo', '??????????', 'Inhabited Island', NULL, NULL),
(303, 'S', 'S06', 'Hulhudhoo', '??????', 'Inhabited Island', NULL, NULL),
(304, 'S', 'S', 'Hulhumeedhoo', '????????', 'Inhabited Island', NULL, NULL),
(305, 'S', '', 'Herethere', '????????', 'Resort Island', NULL, NULL),
(306, 'S', '', 'Villingili', '?????????', 'Resort Island', NULL, NULL);

-- --------------------------------------------------------

--
-- Table structure for table `island_council_candidates`
--

CREATE TABLE `island_council_candidates` (
  `id` int(10) UNSIGNED NOT NULL,
  `atoll_id` int(11) NOT NULL,
  `island_id` int(11) NOT NULL,
  `candidate_id` int(11) NOT NULL,
  `created_at` timestamp NULL DEFAULT NULL,
  `updated_at` timestamp NULL DEFAULT NULL
) ENGINE=InnoDB DEFAULT CHARSET=utf8mb4 COLLATE=utf8mb4_unicode_ci;

--
-- Dumping data for table `island_council_candidates`
--

INSERT INTO `island_council_candidates` (`id`, `atoll_id`, `island_id`, `candidate_id`, `created_at`, `updated_at`) VALUES
(2, 1, 1, 169, '2017-05-04 16:27:25', '2017-05-04 16:27:25'),
(3, 1, 1, 170, '2017-05-04 16:27:39', '2017-05-04 16:27:39'),
(4, 1, 1, 171, '2017-05-04 16:27:50', '2017-05-04 16:27:50'),
(5, 1, 1, 172, '2017-05-04 16:28:09', '2017-05-04 16:28:09'),
(6, 1, 1, 173, '2017-05-04 16:28:21', '2017-05-04 16:28:21'),
(7, 1, 2, 174, '2017-05-04 16:30:55', '2017-05-04 16:30:55'),
(8, 1, 2, 175, '2017-05-04 16:31:04', '2017-05-04 16:31:04'),
(9, 1, 2, 176, '2017-05-04 16:31:15', '2017-05-04 16:31:15'),
(10, 1, 2, 177, '2017-05-04 16:31:30', '2017-05-04 16:31:30'),
(11, 1, 3, 178, '2017-05-04 16:31:47', '2017-05-04 16:31:47'),
(12, 1, 3, 179, '2017-05-04 16:31:55', '2017-05-04 16:31:55'),
(13, 1, 3, 180, '2017-05-04 16:32:09', '2017-05-04 16:32:09'),
(15, 1, 3, 182, '2017-05-04 16:32:40', '2017-05-04 16:32:40'),
(16, 1, 3, 183, '2017-05-04 16:32:50', '2017-05-04 16:32:50'),
(17, 1, 4, 184, '2017-05-04 16:33:49', '2017-05-04 16:33:49'),
(18, 1, 4, 185, '2017-05-04 16:33:59', '2017-05-04 16:33:59'),
(19, 1, 4, 186, '2017-05-04 16:34:08', '2017-05-04 16:34:08'),
(20, 1, 4, 187, '2017-05-04 16:34:19', '2017-05-04 16:34:19'),
(21, 1, 4, 188, '2017-05-04 16:34:30', '2017-05-04 16:34:30'),
(22, 1, 4, 189, '2017-05-04 16:34:39', '2017-05-04 16:34:39'),
(23, 1, 4, 190, '2017-05-04 16:34:49', '2017-05-04 16:34:49'),
(24, 1, 4, 191, '2017-05-04 16:35:00', '2017-05-04 16:35:00'),
(25, 1, 4, 192, '2017-05-04 16:35:10', '2017-05-04 16:35:10'),
(26, 1, 4, 193, '2017-05-04 16:35:28', '2017-05-04 16:35:28'),
(27, 1, 4, 194, '2017-05-04 16:35:40', '2017-05-04 16:35:40'),
(28, 1, 4, 195, '2017-05-04 16:35:53', '2017-05-04 16:35:53'),
(29, 1, 4, 196, '2017-05-04 16:36:06', '2017-05-04 16:36:06'),
(30, 1, 5, 197, '2017-05-04 16:36:54', '2017-05-04 16:36:54'),
(31, 1, 5, 198, '2017-05-04 16:37:03', '2017-05-04 16:37:03'),
(32, 1, 5, 199, '2017-05-04 16:37:19', '2017-05-04 16:37:19'),
(33, 1, 5, 200, '2017-05-04 16:37:33', '2017-05-04 16:37:33'),
(34, 1, 5, 201, '2017-05-04 16:37:42', '2017-05-04 16:37:42'),
(35, 1, 5, 202, '2017-05-04 16:37:52', '2017-05-04 16:37:52'),
(36, 1, 5, 203, '2017-05-04 16:38:23', '2017-05-04 16:38:23'),
(37, 1, 5, 204, '2017-05-04 16:38:51', '2017-05-04 16:38:51'),
(38, 1, 5, 205, '2017-05-04 16:39:05', '2017-05-04 16:39:05'),
(39, 1, 5, 206, '2017-05-04 16:39:19', '2017-05-04 16:39:19'),
(40, 1, 5, 207, '2017-05-04 16:39:27', '2017-05-04 16:39:27'),
(41, 1, 5, 208, '2017-05-04 16:39:35', '2017-05-04 16:39:35'),
(42, 1, 6, 209, '2017-05-04 16:40:08', '2017-05-04 16:40:08'),
(43, 1, 6, 210, '2017-05-04 16:40:22', '2017-05-04 16:40:22'),
(44, 1, 6, 211, '2017-05-04 16:40:32', '2017-05-04 16:40:32'),
(45, 1, 6, 212, '2017-05-04 16:40:44', '2017-05-04 16:40:44'),
(46, 1, 6, 213, '2017-05-04 16:40:53', '2017-05-04 16:40:53'),
(47, 1, 6, 214, '2017-05-04 16:41:01', '2017-05-04 16:41:01'),
(48, 1, 7, 215, '2017-05-04 16:41:13', '2017-05-04 16:41:13'),
(49, 1, 7, 216, '2017-05-04 16:41:27', '2017-05-04 16:41:27'),
(50, 1, 7, 217, '2017-05-04 16:41:36', '2017-05-04 16:41:36'),
(51, 1, 7, 218, '2017-05-04 16:41:47', '2017-05-04 16:41:47'),
(52, 1, 8, 219, '2017-05-04 16:42:00', '2017-05-04 16:42:00'),
(53, 1, 8, 220, '2017-05-04 16:42:08', '2017-05-04 16:42:08'),
(54, 1, 8, 221, '2017-05-04 16:42:17', '2017-05-04 16:42:17'),
(55, 1, 8, 222, '2017-05-04 16:42:26', '2017-05-04 16:42:26'),
(56, 1, 8, 223, '2017-05-04 16:42:39', '2017-05-04 16:42:39'),
(57, 1, 8, 224, '2017-05-04 16:43:03', '2017-05-04 16:43:03'),
(58, 1, 8, 225, '2017-05-04 16:43:20', '2017-05-04 16:43:20'),
(59, 1, 8, 226, '2017-05-04 16:43:29', '2017-05-04 16:43:29'),
(60, 1, 8, 227, '2017-05-04 16:43:40', '2017-05-04 16:43:40'),
(61, 1, 8, 228, '2017-05-04 16:43:51', '2017-05-04 16:43:51'),
(62, 1, 9, 229, '2017-05-04 16:44:01', '2017-05-04 16:44:01'),
(63, 1, 9, 230, '2017-05-04 16:44:10', '2017-05-04 16:44:10'),
(64, 1, 9, 231, '2017-05-04 16:44:22', '2017-05-04 16:44:22'),
(65, 1, 9, 232, '2017-05-04 16:44:30', '2017-05-04 16:44:30'),
(66, 1, 9, 233, '2017-05-04 16:44:38', '2017-05-04 16:44:38'),
(67, 1, 9, 234, '2017-05-04 16:44:46', '2017-05-04 16:44:46'),
(68, 1, 9, 235, '2017-05-04 16:44:58', '2017-05-04 16:44:58'),
(69, 1, 10, 236, '2017-05-04 16:45:14', '2017-05-04 16:45:14'),
(70, 1, 10, 237, '2017-05-04 16:45:25', '2017-05-04 16:45:25'),
(71, 1, 10, 238, '2017-05-04 16:45:38', '2017-05-04 16:45:38'),
(72, 1, 10, 239, '2017-05-04 16:45:48', '2017-05-04 16:45:48'),
(73, 1, 10, 240, '2017-05-04 16:46:02', '2017-05-04 16:46:02'),
(74, 1, 10, 241, '2017-05-04 16:46:12', '2017-05-04 16:46:12'),
(75, 1, 10, 242, '2017-05-04 16:46:22', '2017-05-04 16:46:22'),
(76, 1, 10, 243, '2017-05-04 16:46:35', '2017-05-04 16:46:35'),
(77, 1, 11, 244, '2017-05-04 16:46:48', '2017-05-04 16:46:48'),
(78, 1, 11, 245, '2017-05-04 16:46:56', '2017-05-04 16:46:56'),
(79, 1, 11, 246, '2017-05-04 16:47:07', '2017-05-04 16:47:07'),
(80, 1, 11, 247, '2017-05-04 16:47:15', '2017-05-04 16:47:15'),
(81, 1, 11, 248, '2017-05-04 16:47:26', '2017-05-04 16:47:26'),
(82, 1, 12, 249, '2017-05-04 16:47:44', '2017-05-04 16:47:44'),
(83, 1, 12, 250, '2017-05-04 16:47:55', '2017-05-04 16:47:55'),
(84, 1, 12, 251, '2017-05-04 16:48:16', '2017-05-04 16:48:16'),
(85, 1, 12, 252, '2017-05-04 16:48:29', '2017-05-04 16:48:29'),
(86, 1, 13, 253, '2017-05-04 16:48:45', '2017-05-04 16:48:45'),
(87, 1, 13, 254, '2017-05-04 16:48:53', '2017-05-04 16:48:53'),
(88, 1, 13, 255, '2017-05-04 16:49:02', '2017-05-04 16:49:02'),
(89, 1, 13, 256, '2017-05-04 16:49:16', '2017-05-04 16:49:16'),
(90, 1, 13, 257, '2017-05-04 16:49:24', '2017-05-04 16:49:24'),
(91, 1, 13, 258, '2017-05-04 16:49:35', '2017-05-04 16:49:35'),
(92, 1, 13, 259, '2017-05-04 16:49:45', '2017-05-04 16:49:45'),
(93, 1, 14, 260, '2017-05-04 16:50:00', '2017-05-04 16:50:00'),
(94, 1, 14, 261, '2017-05-04 16:50:08', '2017-05-04 16:50:08'),
(95, 1, 14, 262, '2017-05-04 16:50:16', '2017-05-04 16:50:16'),
(96, 1, 14, 263, '2017-05-04 16:50:26', '2017-05-04 16:50:26'),
(97, 1, 14, 264, '2017-05-04 16:50:35', '2017-05-04 16:50:35'),
(98, 1, 14, 265, '2017-05-04 16:50:51', '2017-05-04 16:50:51'),
(99, 1, 14, 266, '2017-05-04 16:51:02', '2017-05-04 16:51:02'),
(100, 1, 14, 267, '2017-05-04 16:51:14', '2017-05-04 16:51:14'),
(101, 2, 19, 268, '2017-05-04 16:56:24', '2017-05-04 16:56:24'),
(102, 2, 19, 269, '2017-05-04 16:56:39', '2017-05-04 16:56:39'),
(103, 2, 19, 270, '2017-05-04 16:56:53', '2017-05-04 16:56:53'),
(104, 2, 19, 271, '2017-05-04 16:57:20', '2017-05-04 16:57:20'),
(105, 2, 19, 272, '2017-05-04 16:57:30', '2017-05-04 16:57:30'),
(106, 2, 19, 273, '2017-05-04 16:57:45', '2017-05-04 16:57:45'),
(107, 2, 19, 274, '2017-05-04 16:57:56', '2017-05-04 16:57:56'),
(108, 2, 20, 275, '2017-05-04 16:58:15', '2017-05-04 16:58:15'),
(109, 2, 20, 276, '2017-05-04 16:58:24', '2017-05-04 16:58:24'),
(110, 2, 20, 277, '2017-05-04 16:58:38', '2017-05-04 16:58:38'),
(111, 2, 20, 278, '2017-05-04 16:58:51', '2017-05-04 16:58:51'),
(112, 2, 20, 279, '2017-05-04 16:59:02', '2017-05-04 16:59:02'),
(113, 2, 20, 280, '2017-05-04 16:59:11', '2017-05-04 16:59:11'),
(114, 2, 20, 281, '2017-05-04 16:59:22', '2017-05-04 16:59:22'),
(115, 2, 21, 282, '2017-05-04 16:59:40', '2017-05-04 16:59:40'),
(116, 2, 21, 283, '2017-05-04 16:59:53', '2017-05-04 16:59:53'),
(117, 2, 21, 284, '2017-05-04 17:00:13', '2017-05-04 17:00:13'),
(118, 2, 21, 285, '2017-05-04 17:00:25', '2017-05-04 17:00:25'),
(119, 2, 21, 286, '2017-05-04 17:00:35', '2017-05-04 17:00:35'),
(120, 2, 21, 287, '2017-05-04 17:00:49', '2017-05-04 17:00:49'),
(121, 2, 21, 288, '2017-05-04 17:00:58', '2017-05-04 17:00:58'),
(122, 2, 21, 289, '2017-05-04 17:01:09', '2017-05-04 17:01:09'),
(123, 2, 22, 290, '2017-05-04 17:01:32', '2017-05-04 17:01:32'),
(124, 2, 22, 291, '2017-05-04 17:01:48', '2017-05-04 17:01:48'),
(125, 2, 22, 292, '2017-05-04 17:01:58', '2017-05-04 17:01:58'),
(126, 2, 22, 293, '2017-05-04 17:02:07', '2017-05-04 17:02:07'),
(127, 2, 22, 294, '2017-05-04 17:02:21', '2017-05-04 17:02:21'),
(128, 2, 23, 295, '2017-05-04 17:02:39', '2017-05-04 17:02:39'),
(129, 2, 23, 296, '2017-05-04 17:03:00', '2017-05-04 17:03:00'),
(130, 2, 23, 297, '2017-05-04 17:03:15', '2017-05-04 17:03:15'),
(131, 2, 23, 298, '2017-05-04 17:03:26', '2017-05-04 17:03:26'),
(132, 2, 23, 299, '2017-05-04 17:03:35', '2017-05-04 17:03:35'),
(133, 2, 23, 300, '2017-05-04 17:03:57', '2017-05-04 17:03:57'),
(134, 2, 23, 301, '2017-05-04 17:04:08', '2017-05-04 17:04:08'),
(135, 2, 24, 302, '2017-05-04 17:04:29', '2017-05-04 17:04:29'),
(136, 2, 24, 303, '2017-05-04 17:04:42', '2017-05-04 17:04:42'),
(137, 2, 24, 304, '2017-05-04 17:04:50', '2017-05-04 17:04:50'),
(138, 2, 24, 305, '2017-05-04 17:05:00', '2017-05-04 17:05:00'),
(139, 2, 24, 306, '2017-05-04 17:05:15', '2017-05-04 17:05:15'),
(140, 2, 24, 307, '2017-05-04 17:05:26', '2017-05-04 17:05:26'),
(141, 2, 24, 308, '2017-05-04 17:05:36', '2017-05-04 17:05:36'),
(142, 2, 24, 309, '2017-05-04 17:05:46', '2017-05-04 17:05:46'),
(143, 2, 25, 310, '2017-05-04 17:06:01', '2017-05-04 17:06:01'),
(144, 2, 25, 311, '2017-05-04 17:06:10', '2017-05-04 17:06:10'),
(145, 2, 25, 312, '2017-05-04 17:06:22', '2017-05-04 17:06:22'),
(146, 2, 25, 313, '2017-05-04 17:06:37', '2017-05-04 17:06:37'),
(147, 2, 25, 314, '2017-05-04 17:06:46', '2017-05-04 17:06:46'),
(148, 2, 25, 315, '2017-05-04 17:06:55', '2017-05-04 17:06:55'),
(149, 2, 25, 316, '2017-05-04 17:07:06', '2017-05-04 17:07:06'),
(150, 2, 25, 317, '2017-05-04 17:07:16', '2017-05-04 17:07:16'),
(151, 2, 25, 318, '2017-05-04 17:07:27', '2017-05-04 17:07:27'),
(152, 2, 26, 319, '2017-05-04 17:07:44', '2017-05-04 17:07:44'),
(153, 2, 26, 320, '2017-05-04 17:08:10', '2017-05-04 17:08:10'),
(154, 2, 26, 321, '2017-05-04 17:08:24', '2017-05-04 17:08:24'),
(155, 2, 26, 322, '2017-05-04 17:08:50', '2017-05-04 17:08:50'),
(156, 2, 26, 323, '2017-05-04 17:08:59', '2017-05-04 17:08:59'),
(157, 2, 26, 324, '2017-05-04 17:09:10', '2017-05-04 17:09:10'),
(158, 2, 28, 325, '2017-05-04 17:09:29', '2017-05-04 17:09:29'),
(159, 2, 28, 326, '2017-05-04 17:09:40', '2017-05-04 17:09:40'),
(160, 2, 28, 327, '2017-05-04 17:09:49', '2017-05-04 17:09:49'),
(161, 2, 28, 328, '2017-05-04 17:10:05', '2017-05-04 17:10:05'),
(162, 2, 28, 329, '2017-05-04 17:10:19', '2017-05-04 17:10:19'),
(163, 2, 28, 330, '2017-05-04 17:10:38', '2017-05-04 17:10:38'),
(164, 2, 28, 331, '2017-05-04 17:10:47', '2017-05-04 17:10:47'),
(165, 2, 28, 332, '2017-05-04 17:10:56', '2017-05-04 17:10:56'),
(166, 2, 28, 333, '2017-05-04 17:11:05', '2017-05-04 17:11:05'),
(167, 2, 28, 334, '2017-05-04 17:11:21', '2017-05-04 17:11:21'),
(168, 2, 28, 335, '2017-05-04 17:11:32', '2017-05-04 17:11:32'),
(169, 2, 28, 336, '2017-05-04 17:11:40', '2017-05-04 17:11:40'),
(170, 2, 28, 337, '2017-05-04 17:11:51', '2017-05-04 17:11:51'),
(171, 2, 28, 338, '2017-05-04 17:12:04', '2017-05-04 17:12:04'),
(172, 2, 29, 339, '2017-05-04 17:12:17', '2017-05-04 17:12:17'),
(173, 2, 29, 340, '2017-05-04 17:12:32', '2017-05-04 17:12:32'),
(174, 2, 29, 341, '2017-05-04 17:12:43', '2017-05-04 17:12:43'),
(175, 2, 29, 342, '2017-05-04 17:12:53', '2017-05-04 17:12:53'),
(176, 2, 29, 343, '2017-05-04 17:13:05', '2017-05-04 17:13:05'),
(177, 2, 29, 344, '2017-05-04 17:13:17', '2017-05-04 17:13:17'),
(178, 2, 29, 345, '2017-05-04 17:13:34', '2017-05-04 17:13:34'),
(179, 2, 29, 346, '2017-05-04 17:13:48', '2017-05-04 17:13:48'),
(180, 2, 30, 347, '2017-05-04 17:14:10', '2017-05-04 17:14:10'),
(181, 2, 30, 348, '2017-05-04 17:14:21', '2017-05-04 17:14:21'),
(182, 2, 30, 349, '2017-05-04 17:14:30', '2017-05-04 17:14:30'),
(183, 2, 30, 350, '2017-05-04 17:14:39', '2017-05-04 17:14:39'),
(184, 2, 30, 351, '2017-05-04 17:14:51', '2017-05-04 17:14:51'),
(185, 2, 30, 352, '2017-05-04 17:14:59', '2017-05-04 17:14:59'),
(186, 2, 30, 353, '2017-05-04 17:15:13', '2017-05-04 17:15:13'),
(187, 2, 31, 354, '2017-05-04 17:15:26', '2017-05-04 17:15:26'),
(188, 2, 31, 355, '2017-05-04 17:15:37', '2017-05-04 17:15:37'),
(189, 2, 31, 356, '2017-05-04 17:15:47', '2017-05-04 17:15:47'),
(190, 2, 31, 357, '2017-05-04 17:16:04', '2017-05-04 17:16:04'),
(191, 2, 31, 358, '2017-05-04 17:16:20', '2017-05-04 17:16:20'),
(192, 2, 31, 359, '2017-05-04 17:16:32', '2017-05-04 17:16:32'),
(193, 2, 31, 360, '2017-05-04 17:16:44', '2017-05-04 17:16:44'),
(194, 2, 33, 361, '2017-05-04 17:16:57', '2017-05-04 17:16:57'),
(195, 2, 33, 362, '2017-05-04 17:17:08', '2017-05-04 17:17:08'),
(196, 2, 33, 363, '2017-05-04 17:17:19', '2017-05-04 17:17:19'),
(197, 2, 33, 364, '2017-05-04 17:17:28', '2017-05-04 17:17:28'),
(198, 2, 33, 365, '2017-05-04 17:17:38', '2017-05-04 17:17:38'),
(199, 2, 33, 366, '2017-05-04 17:17:48', '2017-05-04 17:17:48'),
(200, 2, 33, 367, '2017-05-04 17:18:10', '2017-05-04 17:18:10'),
(202, 2, 33, 369, '2017-05-04 17:18:48', '2017-05-04 17:18:48'),
(203, 3, 34, 370, '2017-05-04 17:21:49', '2017-05-04 17:21:49'),
(204, 3, 34, 371, '2017-05-04 17:21:59', '2017-05-04 17:21:59'),
(205, 3, 34, 372, '2017-05-04 17:22:19', '2017-05-04 17:22:19'),
(206, 3, 34, 373, '2017-05-04 17:22:35', '2017-05-04 17:22:35'),
(207, 3, 34, 374, '2017-05-04 17:22:45', '2017-05-04 17:22:45'),
(208, 3, 35, 375, '2017-05-04 17:23:02', '2017-05-04 17:23:02'),
(209, 3, 35, 376, '2017-05-04 17:23:14', '2017-05-04 17:23:14'),
(210, 3, 35, 377, '2017-05-04 17:23:27', '2017-05-04 17:23:27'),
(211, 3, 35, 378, '2017-05-04 17:23:38', '2017-05-04 17:23:38'),
(212, 3, 35, 379, '2017-05-04 17:23:49', '2017-05-04 17:23:49'),
(213, 3, 35, 380, '2017-05-04 17:24:00', '2017-05-04 17:24:00'),
(214, 3, 35, 381, '2017-05-04 17:24:20', '2017-05-04 17:24:20'),
(215, 3, 35, 382, '2017-05-04 17:24:35', '2017-05-04 17:24:35'),
(216, 3, 35, 383, '2017-05-04 17:24:46', '2017-05-04 17:24:46'),
(217, 3, 36, 384, '2017-05-04 17:25:08', '2017-05-04 17:25:08'),
(218, 3, 36, 385, '2017-05-04 17:25:19', '2017-05-04 17:25:19'),
(219, 3, 36, 386, '2017-05-04 17:25:34', '2017-05-04 17:25:34'),
(220, 3, 36, 387, '2017-05-04 17:25:45', '2017-05-04 17:25:45'),
(221, 3, 36, 388, '2017-05-04 17:25:53', '2017-05-04 17:25:53'),
(222, 3, 36, 389, '2017-05-04 17:26:04', '2017-05-04 17:26:04'),
(223, 3, 37, 390, '2017-05-04 17:26:18', '2017-05-04 17:26:18'),
(224, 3, 37, 391, '2017-05-04 17:26:29', '2017-05-04 17:26:29'),
(225, 3, 37, 392, '2017-05-04 17:26:40', '2017-05-04 17:26:40'),
(226, 3, 37, 393, '2017-05-04 17:26:52', '2017-05-04 17:26:52'),
(227, 3, 37, 394, '2017-05-04 17:27:03', '2017-05-04 17:27:03'),
(228, 3, 38, 395, '2017-05-04 17:27:15', '2017-05-04 17:27:15'),
(229, 3, 38, 396, '2017-05-04 17:27:24', '2017-05-04 17:27:24'),
(230, 3, 38, 397, '2017-05-04 17:27:40', '2017-05-04 17:27:40'),
(231, 3, 38, 398, '2017-05-04 17:27:55', '2017-05-04 17:27:55'),
(232, 3, 38, 399, '2017-05-04 17:28:12', '2017-05-04 17:28:12'),
(233, 3, 38, 400, '2017-05-04 17:28:27', '2017-05-04 17:28:27'),
(234, 3, 38, 401, '2017-05-04 17:28:43', '2017-05-04 17:28:43'),
(235, 3, 38, 402, '2017-05-04 17:28:54', '2017-05-04 17:28:54'),
(236, 3, 38, 403, '2017-05-04 17:29:04', '2017-05-04 17:29:04'),
(237, 3, 38, 404, '2017-05-04 17:29:15', '2017-05-04 17:29:15'),
(238, 3, 38, 405, '2017-05-04 17:29:27', '2017-05-04 17:29:27'),
(239, 3, 39, 406, '2017-05-04 17:29:45', '2017-05-04 17:29:45'),
(240, 3, 39, 407, '2017-05-04 17:29:55', '2017-05-04 17:29:55'),
(241, 3, 39, 408, '2017-05-04 17:30:07', '2017-05-04 17:30:07'),
(242, 3, 39, 409, '2017-05-04 17:30:16', '2017-05-04 17:30:16'),
(243, 3, 39, 410, '2017-05-04 17:30:30', '2017-05-04 17:30:30'),
(244, 3, 39, 411, '2017-05-04 17:30:44', '2017-05-04 17:30:44'),
(245, 3, 39, 412, '2017-05-04 17:30:55', '2017-05-04 17:30:55'),
(246, 3, 40, 413, '2017-05-04 17:31:11', '2017-05-04 17:31:11'),
(247, 3, 40, 414, '2017-05-04 17:31:22', '2017-05-04 17:31:22'),
(249, 3, 40, 416, '2017-05-04 17:32:24', '2017-05-04 17:32:24'),
(250, 3, 40, 417, '2017-05-04 17:32:38', '2017-05-04 17:32:38'),
(251, 3, 40, 418, '2017-05-04 17:32:49', '2017-05-04 17:32:49'),
(252, 3, 40, 419, '2017-05-04 17:33:06', '2017-05-04 17:33:06'),
(253, 3, 40, 420, '2017-05-04 17:33:19', '2017-05-04 17:33:19'),
(254, 3, 41, 421, '2017-05-04 17:33:38', '2017-05-04 17:33:38'),
(255, 3, 41, 422, '2017-05-04 17:33:49', '2017-05-04 17:33:49'),
(256, 3, 41, 423, '2017-05-04 17:34:01', '2017-05-04 17:34:01'),
(257, 3, 41, 424, '2017-05-04 17:34:13', '2017-05-04 17:34:13'),
(258, 3, 41, 425, '2017-05-04 17:34:24', '2017-05-04 17:34:24'),
(259, 3, 41, 426, '2017-05-04 17:34:39', '2017-05-04 17:34:39'),
(260, 3, 41, 427, '2017-05-04 17:34:49', '2017-05-04 17:34:49'),
(261, 3, 41, 428, '2017-05-04 17:34:58', '2017-05-04 17:34:58'),
(262, 3, 41, 429, '2017-05-04 17:35:08', '2017-05-04 17:35:08'),
(263, 3, 41, 430, '2017-05-04 17:35:22', '2017-05-04 17:35:22'),
(264, 3, 43, 431, '2017-05-04 17:35:38', '2017-05-04 17:35:38'),
(265, 3, 43, 432, '2017-05-04 17:35:48', '2017-05-04 17:35:48'),
(266, 3, 43, 433, '2017-05-04 17:36:02', '2017-05-04 17:36:02'),
(268, 3, 43, 435, '2017-05-04 17:36:39', '2017-05-04 17:36:39'),
(269, 3, 43, 436, '2017-05-04 17:36:57', '2017-05-04 17:36:57'),
(270, 3, 43, 437, '2017-05-04 17:37:11', '2017-05-04 17:37:11'),
(271, 3, 43, 438, '2017-05-04 17:37:24', '2017-05-04 17:37:24'),
(272, 3, 44, 439, '2017-05-04 17:37:50', '2017-05-04 17:37:50'),
(273, 3, 44, 440, '2017-05-04 17:38:00', '2017-05-04 17:38:00'),
(274, 3, 44, 441, '2017-05-04 17:38:11', '2017-05-04 17:38:11'),
(275, 3, 44, 442, '2017-05-04 17:38:25', '2017-05-04 17:38:25'),
(276, 3, 46, 443, '2017-05-04 17:38:55', '2017-05-04 17:38:55'),
(277, 3, 46, 444, '2017-05-04 17:39:04', '2017-05-04 17:39:04'),
(278, 3, 46, 445, '2017-05-04 17:39:18', '2017-05-04 17:39:18'),
(279, 3, 46, 446, '2017-05-04 17:39:30', '2017-05-04 17:39:30'),
(280, 3, 46, 447, '2017-05-04 17:39:45', '2017-05-04 17:39:45'),
(281, 3, 46, 448, '2017-05-04 17:39:58', '2017-05-04 17:39:58'),
(282, 3, 47, 449, '2017-05-04 17:40:15', '2017-05-04 17:40:15'),
(283, 3, 47, 450, '2017-05-04 17:40:24', '2017-05-04 17:40:24'),
(284, 3, 47, 451, '2017-05-04 17:40:44', '2017-05-04 17:40:44'),
(285, 3, 47, 452, '2017-05-04 17:40:59', '2017-05-04 17:40:59'),
(286, 3, 47, 453, '2017-05-04 17:41:16', '2017-05-04 17:41:16'),
(287, 3, 47, 454, '2017-05-04 17:41:33', '2017-05-04 17:41:33'),
(288, 3, 48, 455, '2017-05-04 17:41:48', '2017-05-04 17:41:48'),
(289, 3, 48, 456, '2017-05-04 17:42:00', '2017-05-04 17:42:00'),
(290, 3, 48, 457, '2017-05-04 17:42:14', '2017-05-04 17:42:14'),
(291, 3, 48, 458, '2017-05-04 17:42:26', '2017-05-04 17:42:26'),
(292, 3, 48, 459, '2017-05-04 17:42:37', '2017-05-04 17:42:37'),
(293, 3, 49, 460, '2017-05-04 17:42:48', '2017-05-04 17:42:48'),
(294, 3, 49, 461, '2017-05-04 17:42:58', '2017-05-04 17:42:58'),
(295, 3, 49, 462, '2017-05-04 17:43:07', '2017-05-04 17:43:07'),
(296, 3, 49, 463, '2017-05-04 17:43:25', '2017-05-04 17:43:25'),
(297, 3, 49, 464, '2017-05-04 17:43:41', '2017-05-04 17:43:41'),
(298, 3, 49, 465, '2017-05-04 17:43:56', '2017-05-04 17:43:56'),
(299, 3, 49, 466, '2017-05-04 17:44:10', '2017-05-04 17:44:10'),
(300, 4, 51, 467, '2017-05-04 17:45:11', '2017-05-04 17:45:11'),
(301, 4, 51, 468, '2017-05-04 17:45:25', '2017-05-04 17:45:25'),
(302, 4, 51, 469, '2017-05-04 17:45:43', '2017-05-04 17:45:43'),
(303, 4, 51, 470, '2017-05-04 17:46:01', '2017-05-04 17:46:01'),
(304, 4, 51, 471, '2017-05-04 17:46:18', '2017-05-04 17:46:18'),
(305, 4, 51, 472, '2017-05-04 17:46:35', '2017-05-04 17:46:35'),
(306, 4, 52, 473, '2017-05-04 17:46:52', '2017-05-04 17:46:52'),
(307, 4, 52, 474, '2017-05-04 17:47:11', '2017-05-04 17:47:11'),
(308, 4, 52, 475, '2017-05-04 17:47:25', '2017-05-04 17:47:25'),
(309, 4, 52, 476, '2017-05-04 17:47:37', '2017-05-04 17:47:37'),
(310, 4, 52, 477, '2017-05-04 17:47:55', '2017-05-04 17:47:55'),
(311, 4, 52, 478, '2017-05-04 17:48:10', '2017-05-04 17:48:10'),
(312, 4, 52, 479, '2017-05-04 17:48:24', '2017-05-04 17:48:24'),
(313, 4, 52, 480, '2017-05-04 17:48:34', '2017-05-04 17:48:34'),
(314, 4, 53, 481, '2017-05-04 17:48:58', '2017-05-04 17:48:58'),
(315, 4, 53, 482, '2017-05-04 17:49:12', '2017-05-04 17:49:12'),
(316, 4, 53, 483, '2017-05-04 17:49:22', '2017-05-04 17:49:22'),
(317, 4, 53, 484, '2017-05-04 17:49:33', '2017-05-04 17:49:33'),
(318, 4, 53, 485, '2017-05-04 17:49:46', '2017-05-04 17:49:46'),
(319, 4, 53, 486, '2017-05-04 17:50:02', '2017-05-04 17:50:02'),
(320, 4, 54, 487, '2017-05-04 17:50:22', '2017-05-04 17:50:22'),
(321, 4, 54, 488, '2017-05-04 17:50:33', '2017-05-04 17:50:33'),
(322, 4, 54, 489, '2017-05-04 17:50:43', '2017-05-04 17:50:43'),
(323, 4, 54, 490, '2017-05-04 17:50:53', '2017-05-04 17:50:53'),
(324, 4, 54, 491, '2017-05-04 17:51:02', '2017-05-04 17:51:02'),
(325, 4, 54, 492, '2017-05-04 17:51:18', '2017-05-04 17:51:18'),
(326, 4, 55, 493, '2017-05-04 17:51:33', '2017-05-04 17:51:33'),
(327, 4, 55, 494, '2017-05-04 17:51:47', '2017-05-04 17:51:47'),
(328, 4, 55, 495, '2017-05-04 17:52:06', '2017-05-04 17:52:06'),
(329, 4, 55, 496, '2017-05-04 17:52:17', '2017-05-04 17:52:17'),
(330, 4, 55, 497, '2017-05-04 17:52:32', '2017-05-04 17:52:32'),
(331, 4, 55, 498, '2017-05-04 17:52:47', '2017-05-04 17:52:47'),
(332, 4, 55, 499, '2017-05-04 17:52:59', '2017-05-04 17:52:59'),
(333, 4, 56, 500, '2017-05-04 17:53:17', '2017-05-04 17:53:17'),
(334, 4, 56, 501, '2017-05-04 17:53:36', '2017-05-04 17:53:36'),
(335, 4, 56, 502, '2017-05-04 17:53:51', '2017-05-04 17:53:51'),
(336, 4, 56, 503, '2017-05-04 17:54:06', '2017-05-04 17:54:06'),
(337, 4, 56, 504, '2017-05-04 17:54:20', '2017-05-04 17:54:20'),
(338, 4, 56, 505, '2017-05-04 17:54:35', '2017-05-04 17:54:35'),
(339, 4, 56, 506, '2017-05-04 17:54:51', '2017-05-04 17:54:51'),
(340, 4, 56, 507, '2017-05-04 17:55:11', '2017-05-04 17:55:11'),
(341, 4, 56, 508, '2017-05-04 17:55:35', '2017-05-04 17:55:35'),
(342, 4, 57, 509, '2017-05-04 17:55:53', '2017-05-04 17:55:53'),
(343, 4, 57, 510, '2017-05-04 17:56:02', '2017-05-04 17:56:02'),
(344, 4, 57, 511, '2017-05-04 17:56:14', '2017-05-04 17:56:14'),
(345, 4, 57, 512, '2017-05-04 17:56:25', '2017-05-04 17:56:25'),
(346, 4, 57, 513, '2017-05-04 17:56:39', '2017-05-04 17:56:39'),
(347, 4, 58, 514, '2017-05-04 17:56:51', '2017-05-04 17:56:51'),
(348, 4, 58, 515, '2017-05-04 17:57:08', '2017-05-04 17:57:08'),
(349, 4, 58, 516, '2017-05-04 17:57:25', '2017-05-04 17:57:25'),
(350, 4, 58, 517, '2017-05-04 17:57:38', '2017-05-04 17:57:38'),
(351, 4, 58, 518, '2017-05-04 17:57:49', '2017-05-04 17:57:49'),
(352, 4, 58, 519, '2017-05-04 17:58:05', '2017-05-04 17:58:05'),
(353, 4, 58, 520, '2017-05-04 17:58:18', '2017-05-04 17:58:18'),
(354, 4, 59, 521, '2017-05-04 17:58:35', '2017-05-04 17:58:35'),
(355, 4, 59, 522, '2017-05-04 17:58:45', '2017-05-04 17:58:45'),
(356, 4, 59, 523, '2017-05-04 17:58:58', '2017-05-04 17:58:58'),
(357, 4, 59, 524, '2017-05-04 17:59:11', '2017-05-04 17:59:11'),
(358, 4, 60, 525, '2017-05-04 17:59:33', '2017-05-04 17:59:33'),
(359, 4, 60, 526, '2017-05-04 17:59:44', '2017-05-04 17:59:44'),
(360, 4, 60, 527, '2017-05-04 18:00:08', '2017-05-04 18:00:08'),
(361, 4, 60, 528, '2017-05-04 18:00:22', '2017-05-04 18:00:22'),
(362, 4, 60, 529, '2017-05-04 18:00:36', '2017-05-04 18:00:36'),
(363, 4, 60, 530, '2017-05-04 18:00:53', '2017-05-04 18:00:53'),
(364, 4, 61, 531, '2017-05-04 18:01:09', '2017-05-04 18:01:09'),
(365, 4, 61, 532, '2017-05-04 18:01:19', '2017-05-04 18:01:19'),
(366, 4, 61, 533, '2017-05-04 18:01:33', '2017-05-04 18:01:33'),
(367, 4, 61, 534, '2017-05-04 18:01:46', '2017-05-04 18:01:46'),
(368, 4, 61, 535, '2017-05-04 18:01:58', '2017-05-04 18:01:58'),
(369, 4, 61, 536, '2017-05-04 18:02:23', '2017-05-04 18:02:23'),
(370, 4, 62, 537, '2017-05-04 18:02:40', '2017-05-04 18:02:40'),
(371, 4, 62, 538, '2017-05-04 18:02:57', '2017-05-04 18:02:57'),
(372, 4, 62, 539, '2017-05-04 18:03:08', '2017-05-04 18:03:08'),
(373, 4, 62, 540, '2017-05-04 18:03:19', '2017-05-04 18:03:19'),
(374, 4, 63, 541, '2017-05-04 18:03:38', '2017-05-04 18:03:38'),
(375, 4, 63, 542, '2017-05-04 18:03:49', '2017-05-04 18:03:49'),
(376, 4, 63, 543, '2017-05-04 18:04:03', '2017-05-04 18:04:03'),
(377, 4, 63, 544, '2017-05-04 18:04:14', '2017-05-04 18:04:14'),
(378, 4, 63, 545, '2017-05-04 18:04:30', '2017-05-04 18:04:30'),
(379, 4, 63, 546, '2017-05-04 18:04:40', '2017-05-04 18:04:40'),
(380, 4, 63, 547, '2017-05-04 18:04:58', '2017-05-04 18:04:58'),
(381, 4, 63, 548, '2017-05-04 18:05:12', '2017-05-04 18:05:12'),
(382, 4, 63, 549, '2017-05-04 18:05:21', '2017-05-04 18:05:21'),
(383, 4, 63, 550, '2017-05-04 18:05:31', '2017-05-04 18:05:31'),
(384, 5, 66, 551, '2017-05-04 18:09:18', '2017-05-04 18:09:18'),
(385, 5, 66, 552, '2017-05-04 18:09:34', '2017-05-04 18:09:34'),
(386, 5, 66, 553, '2017-05-04 18:09:48', '2017-05-04 18:09:48'),
(387, 5, 66, 554, '2017-05-04 18:09:57', '2017-05-04 18:09:57'),
(388, 5, 66, 555, '2017-05-04 18:10:11', '2017-05-04 18:10:11'),
(389, 5, 66, 556, '2017-05-04 18:10:21', '2017-05-04 18:10:21'),
(390, 5, 67, 557, '2017-05-04 18:10:34', '2017-05-04 18:10:34'),
(391, 5, 67, 558, '2017-05-04 18:10:48', '2017-05-04 18:10:48'),
(392, 5, 67, 559, '2017-05-04 18:11:04', '2017-05-04 18:11:04'),
(393, 5, 67, 560, '2017-05-04 18:11:18', '2017-05-04 18:11:18'),
(394, 5, 67, 561, '2017-05-04 18:11:38', '2017-05-04 18:11:38'),
(395, 5, 67, 562, '2017-05-04 18:11:54', '2017-05-04 18:11:54'),
(396, 5, 68, 563, '2017-05-04 18:12:12', '2017-05-04 18:12:12'),
(397, 5, 68, 564, '2017-05-04 18:12:31', '2017-05-04 18:12:31'),
(398, 5, 68, 565, '2017-05-04 18:12:44', '2017-05-04 18:12:44'),
(399, 5, 68, 566, '2017-05-04 18:12:56', '2017-05-04 18:12:56'),
(400, 5, 68, 567, '2017-05-04 18:13:09', '2017-05-04 18:13:09'),
(401, 5, 68, 568, '2017-05-04 18:13:23', '2017-05-04 18:13:23'),
(402, 5, 68, 569, '2017-05-04 18:13:35', '2017-05-04 18:13:35'),
(403, 5, 69, 570, '2017-05-04 18:13:50', '2017-05-04 18:13:50'),
(404, 5, 69, 571, '2017-05-04 18:14:06', '2017-05-04 18:14:06'),
(405, 5, 69, 572, '2017-05-04 18:14:20', '2017-05-04 18:14:20'),
(406, 5, 69, 573, '2017-05-04 18:14:34', '2017-05-04 18:14:34'),
(407, 5, 69, 574, '2017-05-04 18:14:47', '2017-05-04 18:14:47'),
(408, 5, 69, 575, '2017-05-04 18:14:55', '2017-05-04 18:14:55'),
(409, 5, 69, 576, '2017-05-04 18:15:09', '2017-05-04 18:15:09'),
(410, 5, 69, 577, '2017-05-04 18:15:25', '2017-05-04 18:15:25'),
(411, 5, 69, 578, '2017-05-04 18:15:44', '2017-05-04 18:15:44'),
(412, 5, 79, 579, '2017-05-04 18:16:05', '2017-05-04 18:16:05'),
(413, 5, 79, 580, '2017-05-04 18:16:27', '2017-05-04 18:16:27'),
(414, 5, 79, 581, '2017-05-04 18:16:54', '2017-05-04 18:16:54'),
(415, 5, 79, 582, '2017-05-04 18:17:08', '2017-05-04 18:17:08'),
(416, 5, 79, 583, '2017-05-04 18:17:21', '2017-05-04 18:17:21'),
(417, 5, 79, 584, '2017-05-04 18:17:40', '2017-05-04 18:17:40'),
(418, 5, 79, 585, '2017-05-04 18:17:53', '2017-05-04 18:17:53'),
(419, 5, 70, 586, '2017-05-04 18:18:08', '2017-05-04 18:18:08'),
(420, 5, 70, 587, '2017-05-04 18:18:24', '2017-05-04 18:18:24'),
(421, 5, 70, 588, '2017-05-04 18:18:37', '2017-05-04 18:18:37'),
(422, 5, 70, 589, '2017-05-04 18:18:50', '2017-05-04 18:18:50'),
(423, 5, 70, 590, '2017-05-04 18:19:05', '2017-05-04 18:19:05'),
(424, 5, 70, 591, '2017-05-04 18:19:13', '2017-05-04 18:19:13'),
(425, 5, 70, 592, '2017-05-04 18:19:25', '2017-05-04 18:19:25'),
(426, 5, 70, 593, '2017-05-04 18:19:41', '2017-05-04 18:19:41'),
(427, 5, 81, 594, '2017-05-04 18:19:57', '2017-05-04 18:19:57'),
(428, 5, 81, 595, '2017-05-04 18:20:05', '2017-05-04 18:20:05'),
(429, 5, 81, 596, '2017-05-04 18:20:21', '2017-05-04 18:20:21'),
(430, 5, 81, 597, '2017-05-04 18:20:31', '2017-05-04 18:20:31'),
(431, 5, 81, 598, '2017-05-04 18:20:44', '2017-05-04 18:20:44'),
(432, 5, 81, 599, '2017-05-04 18:21:00', '2017-05-04 18:21:00'),
(433, 5, 81, 600, '2017-05-04 18:21:11', '2017-05-04 18:21:11'),
(434, 5, 81, 601, '2017-05-04 18:21:31', '2017-05-04 18:21:31'),
(435, 5, 81, 602, '2017-05-04 18:21:48', '2017-05-04 18:21:48'),
(436, 5, 81, 603, '2017-05-04 18:22:01', '2017-05-04 18:22:01'),
(437, 5, 81, 604, '2017-05-04 18:22:27', '2017-05-04 18:22:27'),
(438, 5, 71, 605, '2017-05-04 18:22:45', '2017-05-04 18:22:45'),
(439, 5, 71, 606, '2017-05-04 18:22:55', '2017-05-04 18:22:55'),
(440, 5, 71, 607, '2017-05-04 18:23:11', '2017-05-04 18:23:11'),
(441, 5, 71, 608, '2017-05-04 18:23:32', '2017-05-04 18:23:32'),
(442, 5, 71, 609, '2017-05-04 18:23:44', '2017-05-04 18:23:44'),
(443, 5, 71, 610, '2017-05-04 18:24:00', '2017-05-04 18:24:00'),
(444, 5, 71, 611, '2017-05-04 18:24:26', '2017-05-04 18:24:26'),
(445, 5, 72, 612, '2017-05-04 18:24:49', '2017-05-04 18:24:49'),
(446, 5, 72, 613, '2017-05-04 18:25:04', '2017-05-04 18:25:04'),
(447, 5, 72, 614, '2017-05-04 18:25:26', '2017-05-04 18:25:26'),
(448, 5, 72, 615, '2017-05-04 18:25:41', '2017-05-04 18:25:41'),
(449, 5, 72, 616, '2017-05-04 18:25:55', '2017-05-04 18:25:55'),
(450, 5, 73, 617, '2017-05-04 18:26:12', '2017-05-04 18:26:12'),
(451, 5, 73, 618, '2017-05-04 18:26:31', '2017-05-04 18:26:31'),
(452, 5, 73, 619, '2017-05-04 18:26:41', '2017-05-04 18:26:41'),
(453, 5, 73, 620, '2017-05-04 18:26:54', '2017-05-04 18:26:54'),
(454, 5, 73, 621, '2017-05-04 18:27:11', '2017-05-04 18:27:11'),
(455, 5, 73, 622, '2017-05-04 18:27:27', '2017-05-04 18:27:27'),
(456, 5, 73, 623, '2017-05-04 18:27:43', '2017-05-04 18:27:43'),
(457, 5, 74, 624, '2017-05-04 18:28:05', '2017-05-04 18:28:05'),
(458, 5, 74, 625, '2017-05-04 18:28:30', '2017-05-04 18:28:30'),
(459, 5, 74, 626, '2017-05-04 18:29:25', '2017-05-04 18:29:25'),
(460, 5, 74, 627, '2017-05-04 18:29:35', '2017-05-04 18:29:35'),
(461, 5, 74, 628, '2017-05-04 18:29:45', '2017-05-04 18:29:45'),
(462, 5, 74, 629, '2017-05-04 18:30:01', '2017-05-04 18:30:01'),
(463, 5, 75, 630, '2017-05-04 18:30:16', '2017-05-04 18:30:16'),
(464, 5, 75, 631, '2017-05-04 18:30:36', '2017-05-04 18:30:36'),
(465, 5, 75, 632, '2017-05-04 18:30:53', '2017-05-04 18:30:53'),
(466, 5, 75, 633, '2017-05-04 18:31:08', '2017-05-04 18:31:08'),
(467, 5, 75, 634, '2017-05-04 18:31:20', '2017-05-04 18:31:20'),
(468, 5, 75, 635, '2017-05-04 18:31:32', '2017-05-04 18:31:32'),
(469, 5, 77, 636, '2017-05-04 18:31:49', '2017-05-04 18:31:49'),
(470, 5, 77, 637, '2017-05-04 18:32:04', '2017-05-04 18:32:04'),
(471, 5, 77, 638, '2017-05-04 18:32:17', '2017-05-04 18:32:17'),
(472, 5, 77, 639, '2017-05-04 18:32:30', '2017-05-04 18:32:30'),
(473, 5, 77, 640, '2017-05-04 18:32:46', '2017-05-04 18:32:46'),
(474, 5, 77, 641, '2017-05-04 18:32:59', '2017-05-04 18:32:59'),
(475, 5, 77, 642, '2017-05-04 18:33:16', '2017-05-04 18:33:16'),
(476, 5, 77, 643, '2017-05-04 18:33:32', '2017-05-04 18:33:32'),
(477, 5, 77, 644, '2017-05-04 18:33:44', '2017-05-04 18:33:44'),
(478, 5, 76, 645, '2017-05-04 18:33:55', '2017-05-04 18:33:55'),
(479, 5, 76, 646, '2017-05-04 18:34:11', '2017-05-04 18:34:11'),
(480, 5, 76, 647, '2017-05-04 18:34:22', '2017-05-04 18:34:22'),
(481, 5, 76, 648, '2017-05-04 18:34:35', '2017-05-04 18:34:35'),
(482, 5, 76, 649, '2017-05-04 18:34:43', '2017-05-04 18:34:43'),
(483, 5, 76, 650, '2017-05-04 18:34:57', '2017-05-04 18:34:57'),
(484, 6, 82, 651, '2017-05-05 01:36:18', '2017-05-05 01:36:18'),
(485, 6, 82, 652, '2017-05-05 01:36:32', '2017-05-05 01:36:32'),
(486, 6, 82, 653, '2017-05-05 01:36:48', '2017-05-05 01:36:48'),
(487, 6, 82, 654, '2017-05-05 01:37:02', '2017-05-05 01:37:02'),
(488, 6, 82, 655, '2017-05-05 01:37:15', '2017-05-05 01:37:15'),
(489, 6, 83, 656, '2017-05-05 01:37:28', '2017-05-05 01:37:28'),
(490, 6, 83, 657, '2017-05-05 01:37:39', '2017-05-05 01:37:39'),
(491, 6, 83, 658, '2017-05-05 01:38:01', '2017-05-05 01:38:01'),
(492, 6, 83, 659, '2017-05-05 01:38:17', '2017-05-05 01:38:17'),
(493, 6, 83, 660, '2017-05-05 01:38:36', '2017-05-05 01:38:36'),
(494, 6, 83, 661, '2017-05-05 01:38:50', '2017-05-05 01:38:50'),
(495, 6, 84, 662, '2017-05-05 01:39:04', '2017-05-05 01:39:04'),
(496, 6, 84, 663, '2017-05-05 01:39:15', '2017-05-05 01:39:15'),
(497, 6, 84, 664, '2017-05-05 01:39:29', '2017-05-05 01:39:29'),
(498, 6, 84, 665, '2017-05-05 01:39:39', '2017-05-05 01:39:39'),
(499, 6, 84, 666, '2017-05-05 01:39:56', '2017-05-05 01:39:56'),
(500, 6, 84, 667, '2017-05-05 01:40:08', '2017-05-05 01:40:08'),
(501, 6, 84, 668, '2017-05-05 01:40:19', '2017-05-05 01:40:19'),
(502, 6, 84, 669, '2017-05-05 01:40:35', '2017-05-05 01:40:35'),
(503, 6, 85, 670, '2017-05-05 01:40:47', '2017-05-05 01:40:47'),
(504, 6, 85, 671, '2017-05-05 01:40:58', '2017-05-05 01:40:58'),
(505, 6, 85, 672, '2017-05-05 01:41:17', '2017-05-05 01:41:17'),
(506, 6, 85, 673, '2017-05-05 01:41:29', '2017-05-05 01:41:29'),
(507, 6, 85, 674, '2017-05-05 01:41:55', '2017-05-05 01:41:55'),
(508, 6, 85, 675, '2017-05-05 01:42:06', '2017-05-05 01:42:06'),
(509, 6, 85, 676, '2017-05-05 01:42:20', '2017-05-05 01:42:20'),
(510, 6, 85, 677, '2017-05-05 01:42:31', '2017-05-05 01:42:31'),
(511, 6, 86, 678, '2017-05-05 01:42:53', '2017-05-05 01:42:53'),
(512, 6, 86, 679, '2017-05-05 01:43:06', '2017-05-05 01:43:06'),
(513, 6, 86, 680, '2017-05-05 01:43:21', '2017-05-05 01:43:21'),
(514, 6, 86, 681, '2017-05-05 01:43:33', '2017-05-05 01:43:33'),
(515, 6, 86, 682, '2017-05-05 01:43:46', '2017-05-05 01:43:46'),
(516, 6, 86, 683, '2017-05-05 01:43:57', '2017-05-05 01:43:57'),
(517, 6, 87, 684, '2017-05-05 01:44:12', '2017-05-05 01:44:12'),
(518, 6, 87, 685, '2017-05-05 01:44:31', '2017-05-05 01:44:31'),
(519, 6, 87, 686, '2017-05-05 01:44:46', '2017-05-05 01:44:46'),
(520, 6, 87, 687, '2017-05-05 01:44:59', '2017-05-05 01:44:59'),
(521, 6, 87, 688, '2017-05-05 01:45:07', '2017-05-05 01:45:07'),
(522, 6, 87, 689, '2017-05-05 01:45:24', '2017-05-05 01:45:24'),
(523, 6, 88, 690, '2017-05-05 01:45:44', '2017-05-05 01:45:44'),
(524, 6, 88, 691, '2017-05-05 01:45:54', '2017-05-05 01:45:54'),
(525, 6, 88, 692, '2017-05-05 01:46:08', '2017-05-05 01:46:08'),
(526, 6, 88, 693, '2017-05-05 01:46:20', '2017-05-05 01:46:20'),
(527, 6, 88, 694, '2017-05-05 01:46:31', '2017-05-05 01:46:31'),
(528, 6, 89, 695, '2017-05-05 01:46:42', '2017-05-05 01:46:42'),
(529, 6, 89, 696, '2017-05-05 01:46:53', '2017-05-05 01:46:53'),
(530, 6, 89, 697, '2017-05-05 01:47:07', '2017-05-05 01:47:07'),
(531, 6, 89, 698, '2017-05-05 01:47:22', '2017-05-05 01:47:22'),
(532, 6, 89, 699, '2017-05-05 01:47:32', '2017-05-05 01:47:32'),
(533, 6, 89, 700, '2017-05-05 01:47:47', '2017-05-05 01:47:47'),
(534, 6, 89, 701, '2017-05-05 01:47:58', '2017-05-05 01:47:58'),
(535, 6, 89, 702, '2017-05-05 01:48:09', '2017-05-05 01:48:09'),
(536, 6, 89, 703, '2017-05-05 01:48:25', '2017-05-05 01:48:25'),
(537, 6, 89, 704, '2017-05-05 01:48:38', '2017-05-05 01:48:38'),
(538, 6, 89, 705, '2017-05-05 01:48:51', '2017-05-05 01:48:51'),
(539, 6, 89, 706, '2017-05-05 01:49:01', '2017-05-05 01:49:01'),
(540, 6, 90, 707, '2017-05-05 01:49:14', '2017-05-05 01:49:14'),
(541, 6, 90, 708, '2017-05-05 01:49:26', '2017-05-05 01:49:26'),
(542, 6, 90, 709, '2017-05-05 01:49:37', '2017-05-05 01:49:37'),
(543, 6, 90, 710, '2017-05-05 01:49:49', '2017-05-05 01:49:49'),
(544, 6, 90, 711, '2017-05-05 01:50:06', '2017-05-05 01:50:06'),
(545, 6, 90, 712, '2017-05-05 01:50:20', '2017-05-05 01:50:20'),
(546, 6, 90, 713, '2017-05-05 01:50:33', '2017-05-05 01:50:33'),
(547, 6, 90, 714, '2017-05-05 01:50:45', '2017-05-05 01:50:45'),
(548, 6, 91, 715, '2017-05-05 01:50:59', '2017-05-05 01:50:59'),
(549, 6, 91, 716, '2017-05-05 01:51:13', '2017-05-05 01:51:13'),
(550, 6, 91, 717, '2017-05-05 01:51:26', '2017-05-05 01:51:26'),
(551, 6, 91, 718, '2017-05-05 01:51:37', '2017-05-05 01:51:37'),
(552, 6, 91, 719, '2017-05-05 01:51:53', '2017-05-05 01:51:53'),
(553, 6, 91, 720, '2017-05-05 01:52:06', '2017-05-05 01:52:06'),
(554, 6, 92, 721, '2017-05-05 01:52:19', '2017-05-05 01:52:19'),
(555, 6, 92, 722, '2017-05-05 01:52:29', '2017-05-05 01:52:29'),
(556, 6, 92, 723, '2017-05-05 01:52:39', '2017-05-05 01:52:39'),
(557, 6, 92, 724, '2017-05-05 01:52:50', '2017-05-05 01:52:50'),
(558, 6, 92, 725, '2017-05-05 01:53:05', '2017-05-05 01:53:05'),
(559, 6, 92, 726, '2017-05-05 01:53:17', '2017-05-05 01:53:17'),
(560, 6, 92, 727, '2017-05-05 01:53:36', '2017-05-05 01:53:36'),
(561, 6, 93, 728, '2017-05-05 01:53:51', '2017-05-05 01:53:51'),
(562, 6, 93, 729, '2017-05-05 01:54:01', '2017-05-05 01:54:01'),
(563, 6, 93, 730, '2017-05-05 01:54:11', '2017-05-05 01:54:11'),
(564, 6, 93, 731, '2017-05-05 01:54:20', '2017-05-05 01:54:20'),
(565, 6, 93, 732, '2017-05-05 01:54:31', '2017-05-05 01:54:31'),
(566, 6, 94, 733, '2017-05-05 01:54:41', '2017-05-05 01:54:41'),
(567, 6, 94, 734, '2017-05-05 01:54:51', '2017-05-05 01:54:51'),
(568, 6, 94, 735, '2017-05-05 01:55:02', '2017-05-05 01:55:02'),
(569, 6, 94, 736, '2017-05-05 01:55:16', '2017-05-05 01:55:16'),
(570, 7, 103, 737, '2017-05-05 01:55:40', '2017-05-05 01:55:40'),
(571, 7, 103, 738, '2017-05-05 01:55:56', '2017-05-05 01:55:56'),
(572, 7, 103, 739, '2017-05-05 01:56:09', '2017-05-05 01:56:09'),
(573, 7, 103, 740, '2017-05-05 01:56:31', '2017-05-05 01:56:31'),
(574, 7, 103, 741, '2017-05-05 01:56:45', '2017-05-05 01:56:45'),
(575, 7, 103, 742, '2017-05-05 01:57:02', '2017-05-05 01:57:02'),
(576, 7, 103, 743, '2017-05-05 01:57:14', '2017-05-05 01:57:14'),
(577, 7, 103, 744, '2017-05-05 01:57:27', '2017-05-05 01:57:27'),
(578, 7, 103, 745, '2017-05-05 01:57:37', '2017-05-05 01:57:37'),
(579, 7, 103, 746, '2017-05-05 01:57:54', '2017-05-05 01:57:54'),
(580, 7, 104, 747, '2017-05-05 01:58:05', '2017-05-05 01:58:05'),
(581, 7, 104, 748, '2017-05-05 01:58:18', '2017-05-05 01:58:18'),
(582, 7, 104, 749, '2017-05-05 01:58:35', '2017-05-05 01:58:35'),
(583, 7, 104, 750, '2017-05-05 01:58:51', '2017-05-05 01:58:51'),
(584, 7, 104, 751, '2017-05-05 01:59:03', '2017-05-05 01:59:03'),
(585, 7, 104, 752, '2017-05-05 01:59:16', '2017-05-05 01:59:16'),
(586, 7, 104, 753, '2017-05-05 01:59:35', '2017-05-05 01:59:35'),
(587, 7, 104, 754, '2017-05-05 01:59:48', '2017-05-05 01:59:48'),
(588, 7, 104, 755, '2017-05-05 02:00:04', '2017-05-05 02:00:04'),
(589, 7, 104, 756, '2017-05-05 02:00:18', '2017-05-05 02:00:18'),
(590, 7, 104, 757, '2017-05-05 02:00:37', '2017-05-05 02:00:37'),
(591, 7, 105, 758, '2017-05-05 02:00:49', '2017-05-05 02:00:49'),
(592, 7, 105, 759, '2017-05-05 02:01:01', '2017-05-05 02:01:01'),
(593, 7, 105, 760, '2017-05-05 02:01:15', '2017-05-05 02:01:15'),
(594, 7, 105, 761, '2017-05-05 02:01:32', '2017-05-05 02:01:32'),
(595, 7, 105, 762, '2017-05-05 02:01:44', '2017-05-05 02:01:44'),
(596, 7, 105, 763, '2017-05-05 02:01:58', '2017-05-05 02:01:58'),
(597, 7, 105, 764, '2017-05-05 02:02:13', '2017-05-05 02:02:13'),
(598, 7, 105, 765, '2017-05-05 02:02:29', '2017-05-05 02:02:29'),
(599, 7, 105, 766, '2017-05-05 02:02:41', '2017-05-05 02:02:41'),
(600, 7, 105, 767, '2017-05-05 02:02:54', '2017-05-05 02:02:54'),
(601, 7, 106, 768, '2017-05-05 02:03:07', '2017-05-05 02:03:07'),
(602, 7, 106, 769, '2017-05-05 02:03:18', '2017-05-05 02:03:18'),
(603, 7, 106, 770, '2017-05-05 02:03:32', '2017-05-05 02:03:32'),
(604, 7, 106, 771, '2017-05-05 02:03:45', '2017-05-05 02:03:45'),
(605, 7, 106, 772, '2017-05-05 02:03:57', '2017-05-05 02:03:57'),
(606, 8, 116, 773, '2017-05-05 02:04:45', '2017-05-05 02:04:45'),
(607, 8, 116, 774, '2017-05-05 02:04:57', '2017-05-05 02:04:57'),
(608, 8, 116, 775, '2017-05-05 02:05:11', '2017-05-05 02:05:11'),
(609, 8, 116, 776, '2017-05-05 02:05:25', '2017-05-05 02:05:25'),
(610, 8, 116, 777, '2017-05-05 02:05:45', '2017-05-05 02:05:45'),
(611, 8, 116, 778, '2017-05-05 02:05:57', '2017-05-05 02:05:57'),
(612, 8, 116, 779, '2017-05-05 02:06:06', '2017-05-05 02:06:06'),
(613, 8, 116, 780, '2017-05-05 02:06:20', '2017-05-05 02:06:20'),
(614, 8, 116, 781, '2017-05-05 02:06:28', '2017-05-05 02:06:28'),
(615, 8, 116, 782, '2017-05-05 02:06:36', '2017-05-05 02:06:36'),
(616, 8, 117, 783, '2017-05-05 02:06:55', '2017-05-05 02:06:55'),
(617, 8, 117, 784, '2017-05-05 02:07:05', '2017-05-05 02:07:05'),
(618, 8, 117, 785, '2017-05-05 02:07:14', '2017-05-05 02:07:14'),
(619, 8, 117, 786, '2017-05-05 02:07:22', '2017-05-05 02:07:22'),
(620, 8, 117, 787, '2017-05-05 02:07:37', '2017-05-05 02:07:37'),
(621, 8, 117, 788, '2017-05-05 02:07:50', '2017-05-05 02:07:50'),
(622, 8, 117, 789, '2017-05-05 02:08:00', '2017-05-05 02:08:00'),
(623, 8, 117, 790, '2017-05-05 02:08:16', '2017-05-05 02:08:16'),
(624, 8, 118, 791, '2017-05-05 02:08:28', '2017-05-05 02:08:28'),
(625, 8, 118, 792, '2017-05-05 02:08:40', '2017-05-05 02:08:40'),
(626, 8, 118, 793, '2017-05-05 02:08:51', '2017-05-05 02:08:51'),
(627, 8, 118, 794, '2017-05-05 02:09:02', '2017-05-05 02:09:02'),
(628, 8, 118, 795, '2017-05-05 02:09:16', '2017-05-05 02:09:16'),
(629, 8, 118, 796, '2017-05-05 02:09:29', '2017-05-05 02:09:29'),
(630, 8, 118, 797, '2017-05-05 02:09:39', '2017-05-05 02:09:39'),
(631, 8, 118, 798, '2017-05-05 02:09:54', '2017-05-05 02:09:54'),
(632, 8, 118, 799, '2017-05-05 02:10:05', '2017-05-05 02:10:05'),
(633, 8, 118, 800, '2017-05-05 02:10:15', '2017-05-05 02:10:15'),
(634, 8, 119, 801, '2017-05-05 02:10:25', '2017-05-05 02:10:25'),
(635, 8, 119, 802, '2017-05-05 02:10:39', '2017-05-05 02:10:39'),
(636, 8, 119, 803, '2017-05-05 02:10:49', '2017-05-05 02:10:49'),
(637, 8, 119, 804, '2017-05-05 02:11:00', '2017-05-05 02:11:00'),
(638, 8, 119, 805, '2017-05-05 02:11:37', '2017-05-05 02:11:37'),
(639, 8, 120, 806, '2017-05-05 02:11:53', '2017-05-05 02:11:53'),
(640, 8, 120, 807, '2017-05-05 02:12:09', '2017-05-05 02:12:09'),
(641, 8, 120, 808, '2017-05-05 02:12:22', '2017-05-05 02:12:22'),
(642, 8, 120, 809, '2017-05-05 02:12:33', '2017-05-05 02:12:33'),
(643, 8, 120, 810, '2017-05-05 02:12:46', '2017-05-05 02:12:46'),
(644, 8, 120, 811, '2017-05-05 02:12:57', '2017-05-05 02:12:57'),
(645, 8, 121, 812, '2017-05-05 02:13:12', '2017-05-05 02:13:12'),
(646, 8, 121, 813, '2017-05-05 02:13:23', '2017-05-05 02:13:23'),
(647, 8, 121, 814, '2017-05-05 02:13:37', '2017-05-05 02:13:37'),
(648, 8, 121, 815, '2017-05-05 02:13:48', '2017-05-05 02:13:48'),
(649, 8, 121, 816, '2017-05-05 02:14:00', '2017-05-05 02:14:00'),
(650, 8, 121, 817, '2017-05-05 02:14:14', '2017-05-05 02:14:14'),
(651, 8, 121, 818, '2017-05-05 02:14:34', '2017-05-05 02:14:34'),
(652, 8, 121, 819, '2017-05-05 02:14:45', '2017-05-05 02:14:45'),
(653, 8, 122, 820, '2017-05-05 02:15:03', '2017-05-05 02:15:03'),
(654, 8, 122, 821, '2017-05-05 02:15:16', '2017-05-05 02:15:16'),
(655, 8, 122, 822, '2017-05-05 02:15:28', '2017-05-05 02:15:28'),
(656, 8, 122, 823, '2017-05-05 02:15:40', '2017-05-05 02:15:40'),
(657, 8, 122, 824, '2017-05-05 02:15:53', '2017-05-05 02:15:53'),
(658, 8, 122, 825, '2017-05-05 02:16:05', '2017-05-05 02:16:05'),
(659, 8, 122, 826, '2017-05-05 02:16:17', '2017-05-05 02:16:17'),
(660, 8, 123, 827, '2017-05-05 02:16:28', '2017-05-05 02:16:28'),
(661, 8, 123, 828, '2017-05-05 02:16:39', '2017-05-05 02:16:39'),
(662, 8, 123, 829, '2017-05-05 02:16:53', '2017-05-05 02:16:53'),
(663, 8, 123, 830, '2017-05-05 02:17:06', '2017-05-05 02:17:06'),
(664, 8, 123, 831, '2017-05-05 02:17:15', '2017-05-05 02:17:15'),
(665, 8, 123, 832, '2017-05-05 02:17:28', '2017-05-05 02:17:28'),
(666, 8, 123, 833, '2017-05-05 02:17:45', '2017-05-05 02:17:45'),
(667, 8, 123, 834, '2017-05-05 02:17:58', '2017-05-05 02:17:58'),
(668, 8, 124, 835, '2017-05-05 02:18:16', '2017-05-05 02:18:16'),
(669, 8, 124, 836, '2017-05-05 02:18:31', '2017-05-05 02:18:31'),
(670, 8, 124, 837, '2017-05-05 02:18:49', '2017-05-05 02:18:49'),
(671, 8, 124, 838, '2017-05-05 02:19:00', '2017-05-05 02:19:00'),
(672, 8, 124, 839, '2017-05-05 02:19:14', '2017-05-05 02:19:14'),
(673, 8, 124, 840, '2017-05-05 02:19:27', '2017-05-05 02:19:27'),
(675, 8, 124, 842, '2017-05-05 02:20:12', '2017-05-05 02:20:12'),
(676, 9, 168, 843, '2017-05-05 02:20:53', '2017-05-05 02:20:53'),
(677, 9, 168, 844, '2017-05-05 02:21:23', '2017-05-05 02:21:23'),
(678, 9, 168, 845, '2017-05-05 02:21:35', '2017-05-05 02:21:35'),
(679, 9, 168, 846, '2017-05-05 02:21:45', '2017-05-05 02:21:45'),
(680, 9, 168, 847, '2017-05-05 02:21:56', '2017-05-05 02:21:56'),
(681, 9, 168, 848, '2017-05-05 02:22:09', '2017-05-05 02:22:09'),
(682, 9, 168, 849, '2017-05-05 02:22:27', '2017-05-05 02:22:27'),
(683, 9, 168, 850, '2017-05-05 02:22:36', '2017-05-05 02:22:36'),
(684, 9, 169, 851, '2017-05-05 02:22:46', '2017-05-05 02:22:46'),
(685, 9, 169, 852, '2017-05-05 02:22:57', '2017-05-05 02:22:57'),
(686, 9, 169, 853, '2017-05-05 02:23:08', '2017-05-05 02:23:08'),
(687, 9, 169, 854, '2017-05-05 02:23:17', '2017-05-05 02:23:17'),
(688, 9, 169, 855, '2017-05-05 02:23:28', '2017-05-05 02:23:28'),
(689, 9, 169, 856, '2017-05-05 02:23:43', '2017-05-05 02:23:43'),
(690, 9, 170, 857, '2017-05-05 02:23:53', '2017-05-05 02:23:53'),
(691, 9, 170, 858, '2017-05-05 02:24:03', '2017-05-05 02:24:03'),
(692, 9, 170, 859, '2017-05-05 02:24:13', '2017-05-05 02:24:13'),
(693, 9, 170, 860, '2017-05-05 02:24:25', '2017-05-05 02:24:25'),
(694, 9, 170, 861, '2017-05-05 02:24:36', '2017-05-05 02:24:36'),
(695, 9, 170, 862, '2017-05-05 02:24:46', '2017-05-05 02:24:46'),
(696, 9, 171, 863, '2017-05-05 02:25:02', '2017-05-05 02:25:02'),
(697, 9, 171, 864, '2017-05-05 02:25:12', '2017-05-05 02:25:12'),
(698, 9, 171, 865, '2017-05-05 02:25:27', '2017-05-05 02:25:27'),
(699, 9, 171, 866, '2017-05-05 02:25:36', '2017-05-05 02:25:36'),
(700, 9, 171, 867, '2017-05-05 02:25:46', '2017-05-05 02:25:46'),
(701, 9, 171, 868, '2017-05-05 02:25:56', '2017-05-05 02:25:56'),
(702, 9, 171, 869, '2017-05-05 02:26:05', '2017-05-05 02:26:05'),
(703, 9, 172, 870, '2017-05-05 02:26:16', '2017-05-05 02:26:16'),
(704, 9, 172, 871, '2017-05-05 02:26:26', '2017-05-05 02:26:26'),
(705, 9, 172, 872, '2017-05-05 02:26:39', '2017-05-05 02:26:39'),
(706, 9, 172, 873, '2017-05-05 02:26:50', '2017-05-05 02:26:50'),
(707, 9, 172, 874, '2017-05-05 02:26:59', '2017-05-05 02:26:59'),
(708, 9, 172, 875, '2017-05-05 02:27:10', '2017-05-05 02:27:10'),
(709, 9, 172, 876, '2017-05-05 02:27:23', '2017-05-05 02:27:23'),
(710, 9, 173, 877, '2017-05-05 02:27:38', '2017-05-05 02:27:38'),
(711, 9, 173, 878, '2017-05-05 02:27:52', '2017-05-05 02:27:52'),
(712, 9, 173, 879, '2017-05-05 02:28:06', '2017-05-05 02:28:06'),
(713, 9, 173, 880, '2017-05-05 02:28:21', '2017-05-05 02:28:21'),
(714, 9, 173, 881, '2017-05-05 02:28:41', '2017-05-05 02:28:41'),
(715, 9, 174, 882, '2017-05-05 02:28:55', '2017-05-05 02:28:55'),
(716, 9, 174, 883, '2017-05-05 02:29:08', '2017-05-05 02:29:08'),
(717, 9, 174, 884, '2017-05-05 02:29:19', '2017-05-05 02:29:19'),
(718, 9, 174, 885, '2017-05-05 02:29:30', '2017-05-05 02:29:30'),
(719, 9, 174, 886, '2017-05-05 02:29:41', '2017-05-05 02:29:41'),
(720, 9, 174, 887, '2017-05-05 02:29:52', '2017-05-05 02:29:52'),
(721, 9, 175, 888, '2017-05-05 02:30:08', '2017-05-05 02:30:08'),
(722, 9, 175, 889, '2017-05-05 02:30:20', '2017-05-05 02:30:20'),
(723, 9, 175, 890, '2017-05-05 02:30:31', '2017-05-05 02:30:31'),
(724, 9, 175, 891, '2017-05-05 02:30:49', '2017-05-05 02:30:49'),
(725, 9, 175, 892, '2017-05-05 02:31:06', '2017-05-05 02:31:06'),
(726, 10, 187, 893, '2017-05-05 02:33:32', '2017-05-05 02:33:32'),
(727, 10, 187, 894, '2017-05-05 02:33:45', '2017-05-05 02:33:45'),
(728, 10, 187, 895, '2017-05-05 02:34:03', '2017-05-05 02:34:03'),
(729, 10, 187, 896, '2017-05-05 02:34:14', '2017-05-05 02:34:14'),
(730, 10, 187, 897, '2017-05-05 02:34:28', '2017-05-05 02:34:28'),
(731, 10, 187, 898, '2017-05-05 02:34:40', '2017-05-05 02:34:40'),
(732, 10, 187, 899, '2017-05-05 02:34:52', '2017-05-05 02:34:52'),
(733, 10, 188, 900, '2017-05-05 02:35:09', '2017-05-05 02:35:09'),
(734, 10, 188, 901, '2017-05-05 02:35:22', '2017-05-05 02:35:22'),
(735, 10, 188, 902, '2017-05-05 02:35:36', '2017-05-05 02:35:36'),
(736, 10, 188, 903, '2017-05-05 02:35:47', '2017-05-05 02:35:47'),
(737, 10, 188, 904, '2017-05-05 02:35:58', '2017-05-05 02:35:58'),
(738, 10, 188, 905, '2017-05-05 02:36:11', '2017-05-05 02:36:11'),
(739, 10, 188, 906, '2017-05-05 02:36:29', '2017-05-05 02:36:29'),
(740, 10, 188, 907, '2017-05-05 02:36:40', '2017-05-05 02:36:40'),
(741, 10, 188, 908, '2017-05-05 02:37:11', '2017-05-05 02:37:11'),
(742, 10, 189, 909, '2017-05-05 02:37:35', '2017-05-05 02:37:35'),
(743, 10, 189, 910, '2017-05-05 02:37:50', '2017-05-05 02:37:50'),
(744, 10, 189, 911, '2017-05-05 02:38:05', '2017-05-05 02:38:05'),
(745, 10, 189, 912, '2017-05-05 02:38:19', '2017-05-05 02:38:19'),
(746, 10, 189, 913, '2017-05-05 02:38:31', '2017-05-05 02:38:31'),
(747, 10, 190, 914, '2017-05-05 02:38:47', '2017-05-05 02:38:47'),
(748, 10, 190, 915, '2017-05-05 02:39:01', '2017-05-05 02:39:01'),
(749, 10, 190, 916, '2017-05-05 02:39:17', '2017-05-05 02:39:17'),
(750, 10, 190, 917, '2017-05-05 02:39:36', '2017-05-05 02:39:36'),
(751, 10, 190, 918, '2017-05-05 02:39:49', '2017-05-05 02:39:49'),
(752, 10, 190, 919, '2017-05-05 02:40:10', '2017-05-05 02:40:10'),
(753, 10, 191, 920, '2017-05-05 02:40:40', '2017-05-05 02:40:40'),
(754, 10, 191, 921, '2017-05-05 02:40:51', '2017-05-05 02:40:51'),
(755, 10, 191, 922, '2017-05-05 02:41:07', '2017-05-05 02:41:07'),
(756, 10, 191, 923, '2017-05-05 02:41:20', '2017-05-05 02:41:20'),
(757, 10, 191, 924, '2017-05-05 02:41:38', '2017-05-05 02:41:38'),
(758, 10, 191, 925, '2017-05-05 02:41:52', '2017-05-05 02:41:52'),
(759, 10, 191, 926, '2017-05-05 02:42:07', '2017-05-05 02:42:07'),
(760, 10, 192, 927, '2017-05-05 02:42:21', '2017-05-05 02:42:21'),
(761, 10, 192, 928, '2017-05-05 02:42:37', '2017-05-05 02:42:37'),
(762, 10, 192, 929, '2017-05-05 02:42:54', '2017-05-05 02:42:54'),
(763, 10, 192, 930, '2017-05-05 02:43:12', '2017-05-05 02:43:12'),
(764, 10, 192, 931, '2017-05-05 02:43:27', '2017-05-05 02:43:27'),
(765, 10, 192, 932, '2017-05-05 02:43:40', '2017-05-05 02:43:40'),
(766, 10, 193, 933, '2017-05-05 02:43:59', '2017-05-05 02:43:59'),
(767, 10, 193, 934, '2017-05-05 02:44:10', '2017-05-05 02:44:10'),
(768, 10, 193, 935, '2017-05-05 02:44:20', '2017-05-05 02:44:20'),
(769, 10, 193, 936, '2017-05-05 02:44:35', '2017-05-05 02:44:35'),
(770, 10, 193, 937, '2017-05-05 02:44:47', '2017-05-05 02:44:47'),
(771, 10, 193, 938, '2017-05-05 02:45:01', '2017-05-05 02:45:01'),
(772, 10, 193, 939, '2017-05-05 02:45:20', '2017-05-05 02:45:20'),
(773, 10, 194, 940, '2017-05-05 02:45:37', '2017-05-05 02:45:37'),
(774, 10, 194, 941, '2017-05-05 02:45:51', '2017-05-05 02:45:51'),
(775, 10, 194, 942, '2017-05-05 02:46:04', '2017-05-05 02:46:04'),
(776, 10, 194, 943, '2017-05-05 02:46:17', '2017-05-05 02:46:17'),
(777, 10, 194, 944, '2017-05-05 02:46:30', '2017-05-05 02:46:30'),
(778, 10, 194, 945, '2017-05-05 02:46:47', '2017-05-05 02:46:47'),
(779, 10, 194, 946, '2017-05-05 02:47:13', '2017-05-05 02:47:13'),
(780, 10, 196, 947, '2017-05-05 02:47:33', '2017-05-05 02:47:33'),
(781, 10, 196, 948, '2017-05-05 02:47:49', '2017-05-05 02:47:49'),
(782, 10, 196, 949, '2017-05-05 02:48:01', '2017-05-05 02:48:01'),
(783, 10, 196, 950, '2017-05-05 02:48:20', '2017-05-05 02:48:20'),
(784, 10, 196, 951, '2017-05-05 02:48:33', '2017-05-05 02:48:33'),
(785, 10, 196, 952, '2017-05-05 02:49:08', '2017-05-05 02:49:08'),
(786, 10, 196, 953, '2017-05-05 02:49:24', '2017-05-05 02:49:24'),
(787, 10, 196, 954, '2017-05-05 02:49:38', '2017-05-05 02:49:38'),
(788, 10, 196, 955, '2017-05-05 02:49:55', '2017-05-05 02:49:55'),
(789, 10, 196, 956, '2017-05-05 02:50:14', '2017-05-05 02:50:14'),
(790, 10, 196, 957, '2017-05-05 02:50:38', '2017-05-05 02:50:38'),
(791, 11, 213, 958, '2017-05-05 02:51:02', '2017-05-05 02:51:02'),
(792, 11, 213, 959, '2017-05-05 02:51:14', '2017-05-05 02:51:14'),
(793, 11, 213, 960, '2017-05-05 02:51:22', '2017-05-05 02:51:22'),
(794, 11, 213, 961, '2017-05-05 02:51:30', '2017-05-05 02:51:30'),
(795, 11, 213, 962, '2017-05-05 02:51:40', '2017-05-05 02:51:40');
INSERT INTO `island_council_candidates` (`id`, `atoll_id`, `island_id`, `candidate_id`, `created_at`, `updated_at`) VALUES
(796, 11, 213, 963, '2017-05-05 02:51:57', '2017-05-05 02:51:57'),
(797, 11, 214, 964, '2017-05-05 02:52:05', '2017-05-05 02:52:05'),
(798, 11, 214, 965, '2017-05-05 02:52:05', '2017-05-05 02:52:05'),
(799, 11, 214, 966, '2017-05-05 02:52:26', '2017-05-05 02:52:26'),
(800, 11, 214, 967, '2017-05-05 02:52:39', '2017-05-05 02:52:39'),
(801, 11, 214, 968, '2017-05-05 02:52:47', '2017-05-05 02:52:47'),
(802, 11, 214, 969, '2017-05-05 02:52:57', '2017-05-05 02:52:57'),
(803, 11, 214, 970, '2017-05-05 02:53:12', '2017-05-05 02:53:12'),
(805, 11, 215, 972, '2017-05-05 02:53:43', '2017-05-05 02:53:43'),
(806, 11, 215, 973, '2017-05-05 02:53:57', '2017-05-05 02:53:57'),
(807, 11, 215, 974, '2017-05-05 02:54:06', '2017-05-05 02:54:06'),
(808, 11, 215, 975, '2017-05-05 02:54:16', '2017-05-05 02:54:16'),
(809, 11, 215, 976, '2017-05-05 02:54:30', '2017-05-05 02:54:30'),
(810, 11, 215, 977, '2017-05-05 02:54:43', '2017-05-05 02:54:43'),
(811, 11, 216, 978, '2017-05-05 02:54:54', '2017-05-05 02:54:54'),
(812, 11, 216, 979, '2017-05-05 02:55:05', '2017-05-05 02:55:05'),
(813, 11, 216, 980, '2017-05-05 02:55:21', '2017-05-05 02:55:21'),
(814, 11, 216, 981, '2017-05-05 02:55:33', '2017-05-05 02:55:33'),
(815, 11, 216, 982, '2017-05-05 02:55:43', '2017-05-05 02:55:43'),
(816, 11, 216, 983, '2017-05-05 02:55:57', '2017-05-05 02:55:57'),
(817, 11, 217, 984, '2017-05-05 02:56:11', '2017-05-05 02:56:11'),
(818, 11, 217, 985, '2017-05-05 02:56:23', '2017-05-05 02:56:23'),
(819, 11, 217, 986, '2017-05-05 02:56:36', '2017-05-05 02:56:36'),
(820, 11, 217, 987, '2017-05-05 02:56:46', '2017-05-05 02:56:46'),
(821, 11, 217, 988, '2017-05-05 02:57:05', '2017-05-05 02:57:05'),
(822, 12, 221, 989, '2017-05-05 02:57:57', '2017-05-05 02:57:57'),
(823, 12, 221, 990, '2017-05-05 02:58:07', '2017-05-05 02:58:07'),
(824, 12, 221, 991, '2017-05-05 02:58:19', '2017-05-05 02:58:19'),
(825, 12, 221, 992, '2017-05-05 02:58:41', '2017-05-05 02:58:41'),
(826, 12, 222, 993, '2017-05-05 02:58:57', '2017-05-05 02:58:57'),
(827, 12, 222, 994, '2017-05-05 02:59:09', '2017-05-05 02:59:09'),
(828, 12, 222, 995, '2017-05-05 02:59:21', '2017-05-05 02:59:21'),
(829, 12, 222, 996, '2017-05-05 02:59:37', '2017-05-05 02:59:37'),
(830, 12, 222, 997, '2017-05-05 02:59:50', '2017-05-05 02:59:50'),
(831, 12, 222, 998, '2017-05-05 03:00:05', '2017-05-05 03:00:05'),
(832, 12, 222, 999, '2017-05-05 03:00:31', '2017-05-05 03:00:31'),
(833, 12, 223, 1000, '2017-05-05 03:00:42', '2017-05-05 03:00:42'),
(834, 12, 223, 1001, '2017-05-05 03:00:56', '2017-05-05 03:00:56'),
(835, 12, 223, 1002, '2017-05-05 03:01:14', '2017-05-05 03:01:14'),
(836, 12, 223, 1003, '2017-05-05 03:01:26', '2017-05-05 03:01:26'),
(837, 12, 223, 1004, '2017-05-05 03:01:39', '2017-05-05 03:01:39'),
(838, 12, 223, 1005, '2017-05-05 03:02:00', '2017-05-05 03:02:00'),
(839, 12, 223, 1006, '2017-05-05 03:02:12', '2017-05-05 03:02:12'),
(840, 12, 223, 1007, '2017-05-05 03:02:22', '2017-05-05 03:02:22'),
(841, 12, 224, 1008, '2017-05-05 03:02:34', '2017-05-05 03:02:34'),
(842, 12, 224, 1009, '2017-05-05 03:02:46', '2017-05-05 03:02:46'),
(843, 12, 224, 1010, '2017-05-05 03:02:59', '2017-05-05 03:02:59'),
(844, 12, 224, 1011, '2017-05-05 03:03:11', '2017-05-05 03:03:11'),
(845, 12, 224, 1012, '2017-05-05 03:03:23', '2017-05-05 03:03:23'),
(846, 12, 225, 1013, '2017-05-05 03:03:39', '2017-05-05 03:03:39'),
(847, 12, 225, 1014, '2017-05-05 03:03:53', '2017-05-05 03:03:53'),
(848, 12, 225, 1015, '2017-05-05 03:04:10', '2017-05-05 03:04:10'),
(849, 12, 225, 1016, '2017-05-05 03:04:22', '2017-05-05 03:04:22'),
(850, 12, 225, 1017, '2017-05-05 03:04:35', '2017-05-05 03:04:35'),
(851, 12, 225, 1018, '2017-05-05 03:04:48', '2017-05-05 03:04:48'),
(852, 12, 225, 1019, '2017-05-05 03:05:00', '2017-05-05 03:05:00'),
(853, 12, 226, 1020, '2017-05-05 03:05:13', '2017-05-05 03:05:13'),
(854, 12, 226, 1021, '2017-05-05 03:05:25', '2017-05-05 03:05:25'),
(855, 12, 226, 1022, '2017-05-05 03:05:43', '2017-05-05 03:05:43'),
(856, 12, 226, 1023, '2017-05-05 03:05:56', '2017-05-05 03:05:56'),
(857, 12, 226, 1024, '2017-05-05 03:06:08', '2017-05-05 03:06:08'),
(858, 12, 227, 1025, '2017-05-05 03:06:23', '2017-05-05 03:06:23'),
(859, 12, 227, 1026, '2017-05-05 03:06:34', '2017-05-05 03:06:34'),
(860, 12, 227, 1027, '2017-05-05 03:06:46', '2017-05-05 03:06:46'),
(861, 12, 227, 1028, '2017-05-05 03:06:59', '2017-05-05 03:06:59'),
(862, 12, 227, 1029, '2017-05-05 03:07:13', '2017-05-05 03:07:13'),
(863, 12, 227, 1030, '2017-05-05 03:07:30', '2017-05-05 03:07:30'),
(864, 13, 230, 1031, '2017-05-05 03:11:06', '2017-05-05 03:11:06'),
(865, 13, 230, 1032, '2017-05-05 03:11:28', '2017-05-05 03:11:28'),
(866, 13, 230, 1033, '2017-05-05 03:11:44', '2017-05-05 03:11:44'),
(867, 13, 230, 1034, '2017-05-05 03:12:28', '2017-05-05 03:12:28'),
(868, 13, 230, 1035, '2017-05-05 03:12:44', '2017-05-05 03:12:44'),
(869, 13, 230, 1036, '2017-05-05 03:13:14', '2017-05-05 03:13:14'),
(870, 13, 230, 1037, '2017-05-05 03:13:46', '2017-05-05 03:13:46'),
(871, 13, 231, 1038, '2017-05-05 03:15:13', '2017-05-05 03:15:13'),
(872, 13, 231, 1039, '2017-05-05 03:16:00', '2017-05-05 03:16:00'),
(873, 13, 231, 1040, '2017-05-05 03:16:38', '2017-05-05 03:16:38'),
(874, 13, 231, 1041, '2017-05-05 03:16:56', '2017-05-05 03:16:56'),
(875, 13, 231, 1042, '2017-05-05 03:17:20', '2017-05-05 03:17:20'),
(876, 13, 231, 1043, '2017-05-05 03:17:52', '2017-05-05 03:17:52'),
(877, 13, 231, 1044, '2017-05-05 03:18:07', '2017-05-05 03:18:07'),
(878, 13, 232, 1045, '2017-05-05 03:19:21', '2017-05-05 03:19:21'),
(879, 13, 232, 1046, '2017-05-05 03:20:00', '2017-05-05 03:20:00'),
(880, 13, 232, 1047, '2017-05-05 03:20:21', '2017-05-05 03:20:21'),
(881, 13, 232, 1048, '2017-05-05 03:20:41', '2017-05-05 03:20:41'),
(883, 13, 232, 1050, '2017-05-05 03:21:45', '2017-05-05 03:21:45'),
(884, 13, 232, 1051, '2017-05-05 03:22:03', '2017-05-05 03:22:03'),
(885, 13, 232, 1052, '2017-05-05 03:22:23', '2017-05-05 03:22:23'),
(886, 13, 233, 1053, '2017-05-05 03:23:59', '2017-05-05 03:23:59'),
(887, 13, 233, 1054, '2017-05-05 03:24:24', '2017-05-05 03:24:24'),
(888, 13, 233, 1055, '2017-05-05 03:24:39', '2017-05-05 03:24:39'),
(889, 13, 233, 1056, '2017-05-05 03:25:41', '2017-05-05 03:25:41'),
(890, 13, 233, 1057, '2017-05-05 03:26:11', '2017-05-05 03:26:11'),
(891, 13, 233, 1058, '2017-05-05 03:26:42', '2017-05-05 03:26:42'),
(892, 13, 234, 1059, '2017-05-05 03:27:39', '2017-05-05 03:27:39'),
(893, 13, 234, 1060, '2017-05-05 03:28:12', '2017-05-05 03:28:12'),
(894, 13, 234, 1061, '2017-05-05 03:28:39', '2017-05-05 03:28:39'),
(895, 13, 234, 1062, '2017-05-05 03:29:02', '2017-05-05 03:29:02'),
(897, 13, 234, 1064, '2017-05-05 03:29:51', '2017-05-05 03:29:51'),
(898, 13, 234, 1065, '2017-05-05 03:30:19', '2017-05-05 03:30:19'),
(899, 13, 234, 1066, '2017-05-05 03:30:40', '2017-05-05 03:30:40'),
(900, 13, 234, 1067, '2017-05-05 03:31:02', '2017-05-05 03:31:02'),
(901, 14, 236, 1068, '2017-05-05 03:32:51', '2017-05-05 03:32:51'),
(902, 14, 236, 1069, '2017-05-05 03:33:16', '2017-05-05 03:33:16'),
(903, 14, 236, 1070, '2017-05-05 03:33:34', '2017-05-05 03:33:34'),
(904, 14, 236, 1071, '2017-05-05 03:34:00', '2017-05-05 03:34:00'),
(905, 14, 236, 1072, '2017-05-05 03:34:28', '2017-05-05 03:34:28'),
(906, 14, 236, 1073, '2017-05-05 03:34:47', '2017-05-05 03:34:47'),
(907, 14, 237, 1074, '2017-05-05 03:35:38', '2017-05-05 03:35:38'),
(908, 14, 237, 1075, '2017-05-05 03:36:00', '2017-05-05 03:36:00'),
(909, 14, 237, 1076, '2017-05-05 03:36:24', '2017-05-05 03:36:24'),
(910, 14, 237, 1077, '2017-05-05 03:36:57', '2017-05-05 03:36:57'),
(911, 14, 237, 1078, '2017-05-05 03:37:25', '2017-05-05 03:37:25'),
(912, 14, 237, 1079, '2017-05-05 03:37:47', '2017-05-05 03:37:47'),
(913, 14, 238, 1080, '2017-05-05 03:39:15', '2017-05-05 03:39:15'),
(914, 14, 238, 1081, '2017-05-05 03:39:41', '2017-05-05 03:39:41'),
(915, 14, 238, 1082, '2017-05-05 03:40:03', '2017-05-05 03:40:03'),
(916, 14, 238, 1083, '2017-05-05 03:40:21', '2017-05-05 03:40:21'),
(917, 14, 239, 1084, '2017-05-05 03:41:13', '2017-05-05 03:41:13'),
(918, 14, 239, 1085, '2017-05-05 03:41:29', '2017-05-05 03:41:29'),
(919, 14, 239, 1086, '2017-05-05 03:42:00', '2017-05-05 03:42:00'),
(920, 14, 239, 1087, '2017-05-05 03:42:27', '2017-05-05 03:42:27'),
(921, 14, 239, 1088, '2017-05-05 03:43:00', '2017-05-05 03:43:00'),
(922, 14, 242, 1089, '2017-05-05 03:44:06', '2017-05-05 03:44:06'),
(923, 14, 242, 1090, '2017-05-05 03:44:40', '2017-05-05 03:44:40'),
(924, 14, 242, 1091, '2017-05-05 03:45:21', '2017-05-05 03:45:21'),
(925, 14, 242, 1092, '2017-05-05 03:45:45', '2017-05-05 03:45:45'),
(927, 14, 242, 1094, '2017-05-05 03:46:36', '2017-05-05 03:46:36'),
(928, 14, 242, 1095, '2017-05-05 03:47:21', '2017-05-05 03:47:21'),
(929, 14, 242, 1096, '2017-05-05 03:48:12', '2017-05-05 03:48:12'),
(930, 14, 242, 1097, '2017-05-05 03:48:52', '2017-05-05 03:48:52'),
(931, 14, 243, 1098, '2017-05-05 03:50:39', '2017-05-05 03:50:39'),
(932, 14, 243, 1099, '2017-05-05 03:51:09', '2017-05-05 03:51:09'),
(933, 14, 243, 1100, '2017-05-05 03:51:45', '2017-05-05 03:51:45'),
(934, 14, 243, 1101, '2017-05-05 03:52:11', '2017-05-05 03:52:11'),
(935, 14, 243, 1102, '2017-05-05 03:52:54', '2017-05-05 03:52:54'),
(936, 14, 243, 1103, '2017-05-05 03:53:21', '2017-05-05 03:53:21'),
(937, 14, 243, 1104, '2017-05-05 03:53:48', '2017-05-05 03:53:48'),
(938, 14, 243, 1105, '2017-05-05 03:54:49', '2017-05-05 03:54:49'),
(939, 14, 243, 1106, '2017-05-05 03:55:07', '2017-05-05 03:55:07'),
(940, 14, 243, 1107, '2017-05-05 03:55:34', '2017-05-05 03:55:34'),
(941, 14, 243, 1108, '2017-05-05 03:55:59', '2017-05-05 03:55:59'),
(942, 15, 247, 1109, '2017-05-05 03:58:26', '2017-05-05 03:58:26'),
(943, 15, 247, 1110, '2017-05-05 03:58:45', '2017-05-05 03:58:45'),
(944, 15, 247, 1111, '2017-05-05 03:59:15', '2017-05-05 03:59:15'),
(945, 15, 247, 1112, '2017-05-05 03:59:32', '2017-05-05 03:59:32'),
(946, 15, 247, 1113, '2017-05-05 04:00:10', '2017-05-05 04:00:10'),
(947, 15, 247, 1114, '2017-05-05 04:00:33', '2017-05-05 04:00:33'),
(948, 15, 248, 1115, '2017-05-05 04:01:27', '2017-05-05 04:01:27'),
(949, 15, 248, 1116, '2017-05-05 04:01:48', '2017-05-05 04:01:48'),
(950, 15, 248, 1117, '2017-05-05 04:02:10', '2017-05-05 04:02:10'),
(951, 15, 248, 1118, '2017-05-05 04:02:32', '2017-05-05 04:02:32'),
(952, 15, 248, 1119, '2017-05-05 04:02:57', '2017-05-05 04:02:57'),
(953, 15, 248, 1120, '2017-05-05 04:03:14', '2017-05-05 04:03:14'),
(954, 15, 249, 1121, '2017-05-05 04:04:00', '2017-05-05 04:04:00'),
(955, 15, 249, 1122, '2017-05-05 04:04:16', '2017-05-05 04:04:16'),
(956, 15, 249, 1123, '2017-05-05 04:04:39', '2017-05-05 04:04:39'),
(957, 15, 249, 1124, '2017-05-05 04:05:10', '2017-05-05 04:05:10'),
(958, 15, 249, 1125, '2017-05-05 04:05:26', '2017-05-05 04:05:26'),
(959, 15, 249, 1126, '2017-05-05 04:05:47', '2017-05-05 04:05:47'),
(960, 15, 249, 1127, '2017-05-05 04:06:09', '2017-05-05 04:06:09'),
(961, 15, 250, 1128, '2017-05-05 04:07:31', '2017-05-05 04:07:31'),
(962, 15, 250, 1129, '2017-05-05 04:07:47', '2017-05-05 04:07:47'),
(963, 15, 250, 1130, '2017-05-05 04:08:04', '2017-05-05 04:08:04'),
(964, 15, 250, 1131, '2017-05-05 04:08:21', '2017-05-05 04:08:21'),
(965, 15, 250, 1132, '2017-05-05 04:08:44', '2017-05-05 04:08:44'),
(966, 15, 250, 1133, '2017-05-05 04:09:13', '2017-05-05 04:09:13'),
(967, 15, 250, 1134, '2017-05-05 04:09:31', '2017-05-05 04:09:31'),
(968, 15, 250, 1135, '2017-05-05 04:09:45', '2017-05-05 04:09:45'),
(969, 15, 250, 1136, '2017-05-05 04:10:07', '2017-05-05 04:10:07'),
(970, 15, 250, 1137, '2017-05-05 04:10:43', '2017-05-05 04:10:43'),
(972, 15, 250, 1139, '2017-05-05 04:11:22', '2017-05-05 04:11:22'),
(973, 15, 252, 1140, '2017-05-05 04:14:04', '2017-05-05 04:14:04'),
(974, 15, 252, 1141, '2017-05-05 04:14:28', '2017-05-05 04:14:28'),
(975, 15, 252, 1142, '2017-05-05 04:15:03', '2017-05-05 04:15:03'),
(976, 15, 252, 1143, '2017-05-05 04:15:23', '2017-05-05 04:15:23'),
(977, 15, 252, 1144, '2017-05-05 04:15:41', '2017-05-05 04:15:41'),
(978, 15, 252, 1145, '2017-05-05 04:16:29', '2017-05-05 04:16:29'),
(979, 15, 253, 1146, '2017-05-05 04:19:08', '2017-05-05 04:19:08'),
(980, 15, 253, 1147, '2017-05-05 04:19:25', '2017-05-05 04:19:25'),
(981, 15, 253, 1148, '2017-05-05 04:19:41', '2017-05-05 04:19:41'),
(982, 15, 253, 1149, '2017-05-05 04:20:29', '2017-05-05 04:20:29'),
(983, 15, 253, 1150, '2017-05-05 04:21:19', '2017-05-05 04:21:19'),
(984, 15, 253, 1151, '2017-05-05 04:21:32', '2017-05-05 04:21:32'),
(985, 15, 253, 1152, '2017-05-05 04:21:44', '2017-05-05 04:21:44'),
(986, 15, 254, 1153, '2017-05-05 04:22:01', '2017-05-05 04:22:01'),
(987, 15, 254, 1154, '2017-05-05 04:22:11', '2017-05-05 04:22:11'),
(988, 15, 254, 1155, '2017-05-05 04:22:30', '2017-05-05 04:22:30'),
(989, 15, 254, 1156, '2017-05-05 04:22:43', '2017-05-05 04:22:43'),
(990, 15, 254, 1157, '2017-05-05 04:22:56', '2017-05-05 04:22:56'),
(991, 15, 254, 1158, '2017-05-05 04:23:09', '2017-05-05 04:23:09'),
(992, 15, 254, 1159, '2017-05-05 04:23:20', '2017-05-05 04:23:20'),
(993, 15, 254, 1160, '2017-05-05 04:23:38', '2017-05-05 04:23:38'),
(994, 15, 254, 1161, '2017-05-05 04:23:51', '2017-05-05 04:23:51'),
(995, 15, 254, 1162, '2017-05-05 04:24:05', '2017-05-05 04:24:05'),
(996, 15, 254, 1163, '2017-05-05 04:24:16', '2017-05-05 04:24:16'),
(997, 15, 254, 1164, '2017-05-05 04:24:29', '2017-05-05 04:24:29'),
(998, 15, 255, 1165, '2017-05-05 04:24:49', '2017-05-05 04:24:49'),
(999, 15, 255, 1166, '2017-05-05 04:25:02', '2017-05-05 04:25:02'),
(1000, 15, 255, 1167, '2017-05-05 04:25:17', '2017-05-05 04:25:17'),
(1001, 15, 255, 1168, '2017-05-05 04:25:28', '2017-05-05 04:25:28'),
(1002, 15, 255, 1169, '2017-05-05 04:25:56', '2017-05-05 04:25:56'),
(1003, 15, 255, 1170, '2017-05-05 04:26:12', '2017-05-05 04:26:12'),
(1004, 15, 255, 1171, '2017-05-05 04:26:29', '2017-05-05 04:26:29'),
(1005, 15, 256, 1172, '2017-05-05 04:26:45', '2017-05-05 04:26:45'),
(1006, 15, 256, 1173, '2017-05-05 04:26:57', '2017-05-05 04:26:57'),
(1007, 15, 256, 1174, '2017-05-05 04:27:08', '2017-05-05 04:27:08'),
(1008, 15, 256, 1175, '2017-05-05 04:27:19', '2017-05-05 04:27:19'),
(1009, 15, 256, 1176, '2017-05-05 04:27:34', '2017-05-05 04:27:34'),
(1010, 15, 256, 1177, '2017-05-05 04:28:28', '2017-05-05 04:28:28'),
(1011, 15, 256, 1178, '2017-05-05 04:28:41', '2017-05-05 04:28:41'),
(1012, 15, 256, 1179, '2017-05-05 04:28:52', '2017-05-05 04:28:52'),
(1013, 15, 257, 1180, '2017-05-05 04:29:05', '2017-05-05 04:29:05'),
(1014, 15, 257, 1181, '2017-05-05 04:29:20', '2017-05-05 04:29:20'),
(1015, 15, 257, 1182, '2017-05-05 04:29:32', '2017-05-05 04:29:32'),
(1016, 15, 257, 1183, '2017-05-05 04:29:45', '2017-05-05 04:29:45'),
(1017, 15, 257, 1184, '2017-05-05 04:29:59', '2017-05-05 04:29:59'),
(1018, 15, 257, 1185, '2017-05-05 04:30:11', '2017-05-05 04:30:11'),
(1019, 15, 257, 1186, '2017-05-05 04:30:28', '2017-05-05 04:30:28'),
(1020, 15, 257, 1187, '2017-05-05 04:30:41', '2017-05-05 04:30:41'),
(1021, 15, 257, 1188, '2017-05-05 04:30:53', '2017-05-05 04:30:53'),
(1022, 15, 257, 1189, '2017-05-05 04:31:08', '2017-05-05 04:31:08'),
(1023, 15, 257, 1190, '2017-05-05 04:31:25', '2017-05-05 04:31:25'),
(1024, 15, 258, 1191, '2017-05-05 04:31:36', '2017-05-05 04:31:36'),
(1025, 15, 258, 1192, '2017-05-05 04:32:46', '2017-05-05 04:32:46'),
(1026, 15, 258, 1193, '2017-05-05 04:32:58', '2017-05-05 04:32:58'),
(1027, 15, 258, 1194, '2017-05-05 04:33:12', '2017-05-05 04:33:12'),
(1028, 15, 258, 1195, '2017-05-05 04:33:24', '2017-05-05 04:33:24'),
(1029, 15, 258, 1196, '2017-05-05 04:33:38', '2017-05-05 04:33:38'),
(1030, 15, 258, 1197, '2017-05-05 04:33:51', '2017-05-05 04:33:51'),
(1031, 15, 258, 1198, '2017-05-05 04:34:33', '2017-05-05 04:34:33'),
(1032, 15, 259, 1199, '2017-05-05 04:34:47', '2017-05-05 04:34:47'),
(1033, 15, 259, 1200, '2017-05-05 04:35:06', '2017-05-05 04:35:06'),
(1034, 15, 259, 1201, '2017-05-05 04:35:18', '2017-05-05 04:35:18'),
(1035, 15, 259, 1202, '2017-05-05 04:35:35', '2017-05-05 04:35:35'),
(1036, 15, 259, 1203, '2017-05-05 04:35:54', '2017-05-05 04:35:54'),
(1037, 15, 259, 1204, '2017-05-05 04:36:08', '2017-05-05 04:36:08'),
(1038, 15, 259, 1205, '2017-05-05 04:36:29', '2017-05-05 04:36:29'),
(1039, 15, 259, 1206, '2017-05-05 04:37:28', '2017-05-05 04:37:28'),
(1040, 15, 259, 1207, '2017-05-05 04:37:42', '2017-05-05 04:37:42'),
(1041, 15, 259, 1208, '2017-05-05 04:38:01', '2017-05-05 04:38:01'),
(1042, 16, 260, 1209, '2017-05-05 06:20:17', '2017-05-05 06:20:17'),
(1043, 16, 260, 1210, '2017-05-05 06:21:35', '2017-05-05 06:21:35'),
(1044, 16, 260, 1211, '2017-05-05 06:21:49', '2017-05-05 06:21:49'),
(1045, 16, 260, 1212, '2017-05-05 06:22:07', '2017-05-05 06:22:07'),
(1046, 16, 260, 1213, '2017-05-05 06:22:28', '2017-05-05 06:22:28'),
(1047, 16, 260, 1214, '2017-05-05 06:22:47', '2017-05-05 06:22:47'),
(1048, 16, 260, 1215, '2017-05-05 06:23:15', '2017-05-05 06:23:15'),
(1049, 16, 260, 1216, '2017-05-05 06:24:15', '2017-05-05 06:24:15'),
(1050, 16, 260, 1217, '2017-05-05 06:24:42', '2017-05-05 06:24:42'),
(1052, 16, 260, 1219, '2017-05-05 06:25:40', '2017-05-05 06:25:40'),
(1053, 16, 261, 1220, '2017-05-05 06:26:00', '2017-05-05 06:26:00'),
(1054, 16, 261, 1221, '2017-05-05 06:26:16', '2017-05-05 06:26:16'),
(1055, 16, 261, 1222, '2017-05-05 06:26:31', '2017-05-05 06:26:31'),
(1056, 16, 261, 1223, '2017-05-05 06:26:47', '2017-05-05 06:26:47'),
(1057, 16, 261, 1224, '2017-05-05 06:27:02', '2017-05-05 06:27:02'),
(1058, 16, 261, 1225, '2017-05-05 06:27:15', '2017-05-05 06:27:15'),
(1059, 16, 261, 1226, '2017-05-05 06:27:36', '2017-05-05 06:27:36'),
(1060, 16, 261, 1227, '2017-05-05 06:27:54', '2017-05-05 06:27:54'),
(1061, 16, 262, 1228, '2017-05-05 06:29:44', '2017-05-05 06:29:44'),
(1062, 16, 262, 1229, '2017-05-05 06:29:56', '2017-05-05 06:29:56'),
(1063, 16, 262, 1230, '2017-05-05 06:30:15', '2017-05-05 06:30:15'),
(1064, 16, 262, 1231, '2017-05-05 06:30:26', '2017-05-05 06:30:26'),
(1065, 16, 262, 1232, '2017-05-05 06:30:41', '2017-05-05 06:30:41'),
(1066, 16, 262, 1233, '2017-05-05 06:30:56', '2017-05-05 06:30:56'),
(1067, 16, 263, 1234, '2017-05-05 06:31:12', '2017-05-05 06:31:12'),
(1068, 16, 263, 1235, '2017-05-05 06:31:30', '2017-05-05 06:31:30'),
(1069, 16, 263, 1236, '2017-05-05 06:32:02', '2017-05-05 06:32:02'),
(1070, 16, 263, 1237, '2017-05-05 06:32:23', '2017-05-05 06:32:23'),
(1071, 16, 265, 1238, '2017-05-05 06:32:36', '2017-05-05 06:32:36'),
(1072, 16, 265, 1239, '2017-05-05 06:32:51', '2017-05-05 06:32:51'),
(1073, 16, 265, 1240, '2017-05-05 06:33:31', '2017-05-05 06:33:31'),
(1074, 16, 265, 1241, '2017-05-05 06:33:47', '2017-05-05 06:33:47'),
(1075, 16, 265, 1242, '2017-05-05 06:34:01', '2017-05-05 06:34:01'),
(1076, 16, 265, 1243, '2017-05-05 06:34:18', '2017-05-05 06:34:18'),
(1077, 16, 265, 1244, '2017-05-05 06:34:33', '2017-05-05 06:34:33'),
(1078, 16, 265, 1245, '2017-05-05 06:34:45', '2017-05-05 06:34:45'),
(1079, 16, 265, 1246, '2017-05-05 06:35:00', '2017-05-05 06:35:00'),
(1080, 16, 265, 1247, '2017-05-05 06:35:13', '2017-05-05 06:35:13'),
(1081, 16, 265, 1248, '2017-05-05 06:35:31', '2017-05-05 06:35:31'),
(1082, 16, 265, 1249, '2017-05-05 06:35:49', '2017-05-05 06:35:49'),
(1083, 16, 265, 1250, '2017-05-05 06:37:42', '2017-05-05 06:37:42'),
(1084, 16, 265, 1251, '2017-05-05 06:37:57', '2017-05-05 06:37:57'),
(1085, 16, 265, 1252, '2017-05-05 06:38:13', '2017-05-05 06:38:13'),
(1086, 16, 265, 1253, '2017-05-05 06:38:35', '2017-05-05 06:38:35'),
(1087, 16, 266, 1254, '2017-05-05 06:38:56', '2017-05-05 06:38:56'),
(1088, 16, 266, 1255, '2017-05-05 06:39:14', '2017-05-05 06:39:14'),
(1089, 16, 266, 1256, '2017-05-05 06:39:31', '2017-05-05 06:39:31'),
(1090, 16, 266, 1257, '2017-05-05 06:39:51', '2017-05-05 06:39:51'),
(1091, 16, 266, 1258, '2017-05-05 06:40:07', '2017-05-05 06:40:07'),
(1092, 16, 266, 1259, '2017-05-05 06:40:21', '2017-05-05 06:40:21'),
(1093, 16, 267, 1260, '2017-05-05 06:40:39', '2017-05-05 06:40:39'),
(1094, 16, 267, 1261, '2017-05-05 06:40:52', '2017-05-05 06:40:52'),
(1095, 16, 267, 1262, '2017-05-05 06:41:07', '2017-05-05 06:41:07'),
(1096, 16, 267, 1263, '2017-05-05 06:41:20', '2017-05-05 06:41:20'),
(1097, 16, 267, 1264, '2017-05-05 06:41:31', '2017-05-05 06:41:31'),
(1098, 16, 267, 1265, '2017-05-05 06:41:44', '2017-05-05 06:41:44'),
(1099, 16, 267, 1266, '2017-05-05 06:41:59', '2017-05-05 06:41:59'),
(1100, 16, 267, 1267, '2017-05-05 06:42:14', '2017-05-05 06:42:14'),
(1101, 16, 267, 1268, '2017-05-05 06:42:25', '2017-05-05 06:42:25'),
(1102, 16, 267, 1269, '2017-05-05 06:42:50', '2017-05-05 06:42:50'),
(1103, 16, 269, 1270, '2017-05-05 06:43:04', '2017-05-05 06:43:04'),
(1104, 16, 269, 1271, '2017-05-05 06:43:20', '2017-05-05 06:43:20'),
(1105, 16, 269, 1272, '2017-05-05 06:43:35', '2017-05-05 06:43:35'),
(1106, 16, 269, 1273, '2017-05-05 06:43:50', '2017-05-05 06:43:50'),
(1107, 16, 269, 1274, '2017-05-05 06:44:13', '2017-05-05 06:44:13'),
(1108, 16, 269, 1275, '2017-05-05 06:44:28', '2017-05-05 06:44:28'),
(1109, 16, 270, 1276, '2017-05-05 06:44:45', '2017-05-05 06:44:45'),
(1110, 16, 270, 1277, '2017-05-05 06:44:59', '2017-05-05 06:44:59'),
(1111, 16, 270, 1278, '2017-05-05 06:45:19', '2017-05-05 06:45:19'),
(1112, 16, 270, 1279, '2017-05-05 06:45:33', '2017-05-05 06:45:33'),
(1113, 16, 270, 1280, '2017-05-05 06:45:53', '2017-05-05 06:45:53'),
(1114, 16, 270, 1281, '2017-05-05 06:46:07', '2017-05-05 06:46:07'),
(1115, 16, 271, 1282, '2017-05-05 06:46:24', '2017-05-05 06:46:24'),
(1116, 16, 271, 1283, '2017-05-05 06:46:40', '2017-05-05 06:46:40'),
(1117, 16, 271, 1284, '2017-05-05 06:46:57', '2017-05-05 06:46:57'),
(1118, 16, 271, 1285, '2017-05-05 06:47:21', '2017-05-05 06:47:21'),
(1119, 16, 271, 1286, '2017-05-05 06:47:33', '2017-05-05 06:47:33'),
(1120, 16, 271, 1287, '2017-05-05 06:47:50', '2017-05-05 06:47:50'),
(1121, 16, 271, 1288, '2017-05-05 06:48:03', '2017-05-05 06:48:03'),
(1122, 16, 271, 1289, '2017-05-05 06:48:19', '2017-05-05 06:48:19'),
(1123, 16, 271, 1290, '2017-05-05 06:48:32', '2017-05-05 06:48:32'),
(1124, 16, 271, 1291, '2017-05-05 06:48:56', '2017-05-05 06:48:56'),
(1125, 16, 264, 1292, '2017-05-05 06:49:18', '2017-05-05 06:49:18'),
(1126, 16, 264, 1293, '2017-05-05 06:49:31', '2017-05-05 06:49:31'),
(1127, 16, 264, 1294, '2017-05-05 06:50:10', '2017-05-05 06:50:10'),
(1128, 16, 264, 1295, '2017-05-05 06:50:22', '2017-05-05 06:50:22'),
(1129, 16, 264, 1296, '2017-05-05 06:50:35', '2017-05-05 06:50:35'),
(1130, 16, 264, 1297, '2017-05-05 06:51:06', '2017-05-05 06:51:06'),
(1131, 16, 264, 1298, '2017-05-05 06:51:18', '2017-05-05 06:51:18'),
(1132, 17, 273, 1299, '2017-05-05 06:54:40', '2017-05-05 06:54:40'),
(1133, 17, 273, 1300, '2017-05-05 06:54:51', '2017-05-05 06:54:51'),
(1134, 17, 273, 1301, '2017-05-05 06:55:03', '2017-05-05 06:55:03'),
(1135, 17, 273, 1302, '2017-05-05 06:55:16', '2017-05-05 06:55:16'),
(1136, 17, 273, 1303, '2017-05-05 06:55:27', '2017-05-05 06:55:27'),
(1137, 17, 273, 1304, '2017-05-05 06:55:37', '2017-05-05 06:55:37'),
(1138, 17, 274, 1305, '2017-05-05 06:56:03', '2017-05-05 06:56:03'),
(1139, 17, 274, 1306, '2017-05-05 06:56:17', '2017-05-05 06:56:17'),
(1140, 17, 274, 1307, '2017-05-05 06:56:27', '2017-05-05 06:56:27'),
(1141, 17, 274, 1308, '2017-05-05 06:56:56', '2017-05-05 06:56:56'),
(1142, 17, 274, 1309, '2017-05-05 06:57:10', '2017-05-05 06:57:10'),
(1143, 17, 274, 1310, '2017-05-05 06:57:27', '2017-05-05 06:57:27'),
(1144, 17, 274, 1311, '2017-05-05 06:57:40', '2017-05-05 06:57:40'),
(1146, 17, 274, 1313, '2017-05-05 06:58:30', '2017-05-05 06:58:30'),
(1147, 17, 274, 1314, '2017-05-05 06:58:42', '2017-05-05 06:58:42'),
(1148, 17, 274, 1315, '2017-05-05 06:58:57', '2017-05-05 06:58:57'),
(1149, 17, 274, 1316, '2017-05-05 06:59:10', '2017-05-05 06:59:10'),
(1150, 17, 274, 1317, '2017-05-05 07:00:25', '2017-05-05 07:00:25'),
(1151, 17, 274, 1318, '2017-05-05 07:00:41', '2017-05-05 07:00:41'),
(1152, 17, 275, 1319, '2017-05-05 07:00:59', '2017-05-05 07:00:59'),
(1153, 17, 275, 1320, '2017-05-05 07:05:19', '2017-05-05 07:05:19'),
(1154, 17, 275, 1321, '2017-05-05 07:05:32', '2017-05-05 07:05:32'),
(1155, 17, 275, 1322, '2017-05-05 07:05:45', '2017-05-05 07:05:45'),
(1156, 17, 275, 1323, '2017-05-05 07:06:06', '2017-05-05 07:06:06'),
(1157, 17, 275, 1324, '2017-05-05 07:07:01', '2017-05-05 07:07:01'),
(1158, 17, 275, 1325, '2017-05-05 07:07:15', '2017-05-05 07:07:15'),
(1159, 17, 275, 1326, '2017-05-05 07:19:27', '2017-05-05 07:19:27'),
(1160, 17, 275, 1327, '2017-05-05 07:19:47', '2017-05-05 07:19:47'),
(1161, 17, 276, 1328, '2017-05-05 07:20:13', '2017-05-05 07:20:13'),
(1162, 17, 276, 1329, '2017-05-05 07:20:27', '2017-05-05 07:20:27'),
(1163, 17, 276, 1330, '2017-05-05 07:20:40', '2017-05-05 07:20:40'),
(1164, 17, 276, 1331, '2017-05-05 07:21:01', '2017-05-05 07:21:01'),
(1165, 17, 276, 1332, '2017-05-05 07:21:21', '2017-05-05 07:21:21'),
(1166, 17, 276, 1333, '2017-05-05 07:21:53', '2017-05-05 07:21:53'),
(1167, 17, 276, 1334, '2017-05-05 07:22:11', '2017-05-05 07:22:11'),
(1168, 17, 277, 1335, '2017-05-05 07:22:31', '2017-05-05 07:22:31'),
(1169, 17, 277, 1336, '2017-05-05 07:22:45', '2017-05-05 07:22:45'),
(1170, 17, 277, 1337, '2017-05-05 07:22:56', '2017-05-05 07:22:56'),
(1171, 17, 277, 1338, '2017-05-05 07:23:27', '2017-05-05 07:23:27'),
(1172, 17, 277, 1339, '2017-05-05 07:23:44', '2017-05-05 07:23:44'),
(1173, 17, 276, 1340, '2017-05-05 07:24:07', '2017-05-05 07:24:07'),
(1174, 17, 277, 1341, '2017-05-05 07:24:44', '2017-05-05 07:24:44'),
(1175, 17, 276, 1342, '2017-05-05 07:25:04', '2017-05-05 07:25:04'),
(1176, 17, 278, 1343, '2017-05-05 07:25:19', '2017-05-05 07:25:19'),
(1177, 17, 278, 1344, '2017-05-05 07:25:33', '2017-05-05 07:25:33'),
(1178, 17, 278, 1345, '2017-05-05 07:25:51', '2017-05-05 07:25:51'),
(1179, 17, 278, 1346, '2017-05-05 07:26:04', '2017-05-05 07:26:04'),
(1180, 17, 278, 1347, '2017-05-05 07:26:18', '2017-05-05 07:26:18'),
(1181, 17, 278, 1348, '2017-05-05 07:26:32', '2017-05-05 07:26:32'),
(1182, 17, 279, 1349, '2017-05-05 07:26:51', '2017-05-05 07:26:51'),
(1183, 17, 279, 1350, '2017-05-05 07:27:11', '2017-05-05 07:27:11'),
(1184, 17, 279, 1351, '2017-05-05 07:27:27', '2017-05-05 07:27:27'),
(1185, 17, 279, 1352, '2017-05-05 07:27:51', '2017-05-05 07:27:51'),
(1186, 17, 279, 1353, '2017-05-05 07:28:07', '2017-05-05 07:28:07'),
(1187, 17, 279, 1354, '2017-05-05 07:28:21', '2017-05-05 07:28:21'),
(1188, 17, 279, 1355, '2017-05-05 07:28:39', '2017-05-05 07:28:39'),
(1189, 17, 279, 1356, '2017-05-05 07:28:55', '2017-05-05 07:28:55'),
(1190, 17, 281, 1357, '2017-05-05 07:29:11', '2017-05-05 07:29:11'),
(1191, 17, 281, 1358, '2017-05-05 07:29:26', '2017-05-05 07:29:26'),
(1192, 17, 281, 1359, '2017-05-05 07:29:48', '2017-05-05 07:29:48'),
(1193, 17, 281, 1360, '2017-05-05 07:30:12', '2017-05-05 07:30:12'),
(1194, 17, 281, 1361, '2017-05-05 07:30:25', '2017-05-05 07:30:25'),
(1195, 17, 281, 1362, '2017-05-05 07:30:40', '2017-05-05 07:30:40'),
(1196, 17, 281, 1363, '2017-05-05 07:30:57', '2017-05-05 07:30:57'),
(1197, 17, 281, 1364, '2017-05-05 07:31:11', '2017-05-05 07:31:11'),
(1198, 17, 281, 1365, '2017-05-05 07:31:24', '2017-05-05 07:31:24'),
(1199, 17, 281, 1366, '2017-05-05 07:31:38', '2017-05-05 07:31:38'),
(1200, 17, 282, 1367, '2017-05-05 07:32:09', '2017-05-05 07:32:09'),
(1201, 17, 282, 1368, '2017-05-05 07:32:39', '2017-05-05 07:32:39'),
(1202, 17, 282, 1369, '2017-05-05 07:32:59', '2017-05-05 07:32:59'),
(1203, 17, 282, 1370, '2017-05-05 07:33:22', '2017-05-05 07:33:22'),
(1204, 17, 282, 1371, '2017-05-05 07:33:44', '2017-05-05 07:33:44'),
(1205, 17, 282, 1372, '2017-05-05 07:34:01', '2017-05-05 07:34:01'),
(1206, 18, 294, 1373, '2017-05-05 07:34:42', '2017-05-05 07:34:42'),
(1207, 18, 294, 1374, '2017-05-05 07:35:03', '2017-05-05 07:35:03'),
(1208, 18, 294, 1375, '2017-05-05 07:35:25', '2017-05-05 07:35:25'),
(1209, 18, 294, 1376, '2017-05-05 07:35:42', '2017-05-05 07:35:42'),
(1210, 18, 294, 1377, '2017-05-05 07:35:56', '2017-05-05 07:35:56'),
(1211, 18, 294, 1378, '2017-05-05 07:36:16', '2017-05-05 07:36:16'),
(1212, 18, 294, 1379, '2017-05-05 07:36:33', '2017-05-05 07:36:33'),
(1213, 18, 294, 1380, '2017-05-05 07:36:52', '2017-05-05 07:36:52'),
(1214, 18, 294, 1381, '2017-05-05 07:37:04', '2017-05-05 07:37:04'),
(1215, 18, 294, 1382, '2017-05-05 07:37:34', '2017-05-05 07:37:34'),
(1216, 18, 294, 1383, '2017-05-05 07:37:47', '2017-05-05 07:37:47'),
(1217, 18, 294, 1384, '2017-05-05 07:38:09', '2017-05-05 07:38:09'),
(1218, 18, 294, 1385, '2017-05-05 07:38:39', '2017-05-05 07:38:39'),
(1219, 18, 294, 1386, '2017-05-05 07:39:07', '2017-05-05 07:39:07'),
(1220, 18, 287, 1387, '2017-05-05 07:39:38', '2017-05-05 07:39:38'),
(1221, 18, 287, 1388, '2017-05-05 07:40:19', '2017-05-05 07:40:19'),
(1222, 18, 287, 1389, '2017-05-05 07:41:05', '2017-05-05 07:41:05'),
(1223, 18, 287, 1390, '2017-05-05 07:41:34', '2017-05-05 07:41:34'),
(1224, 18, 287, 1391, '2017-05-05 07:41:53', '2017-05-05 07:41:53'),
(1225, 18, 287, 1392, '2017-05-05 07:42:06', '2017-05-05 07:42:06'),
(1226, 18, 287, 1393, '2017-05-05 07:44:20', '2017-05-05 07:44:20'),
(1227, 18, 287, 1394, '2017-05-05 07:46:06', '2017-05-05 07:46:06'),
(1228, 18, 287, 1395, '2017-05-05 07:46:48', '2017-05-05 07:46:48'),
(1229, 18, 287, 1396, '2017-05-05 07:47:14', '2017-05-05 07:47:14'),
(1230, 18, 287, 1397, '2017-05-05 07:47:32', '2017-05-05 07:47:32'),
(1231, 18, 288, 1398, '2017-05-05 07:47:50', '2017-05-05 07:47:50'),
(1232, 18, 288, 1399, '2017-05-05 07:48:31', '2017-05-05 07:48:31'),
(1233, 18, 288, 1400, '2017-05-05 07:48:47', '2017-05-05 07:48:47'),
(1234, 18, 288, 1401, '2017-05-05 07:49:12', '2017-05-05 07:49:12'),
(1235, 18, 288, 1402, '2017-05-05 07:49:28', '2017-05-05 07:49:28'),
(1236, 18, 288, 1403, '2017-05-05 07:49:45', '2017-05-05 07:49:45'),
(1237, 18, 288, 1404, '2017-05-05 07:50:00', '2017-05-05 07:50:00'),
(1238, 18, 289, 1405, '2017-05-05 07:50:17', '2017-05-05 07:50:17'),
(1239, 18, 289, 1406, '2017-05-05 07:50:37', '2017-05-05 07:50:37'),
(1240, 18, 289, 1407, '2017-05-05 07:50:52', '2017-05-05 07:50:52'),
(1241, 18, 289, 1408, '2017-05-05 07:51:11', '2017-05-05 07:51:11'),
(1242, 18, 289, 1409, '2017-05-05 07:51:30', '2017-05-05 07:51:30'),
(1243, 18, 289, 1410, '2017-05-05 07:51:47', '2017-05-05 07:51:47'),
(1244, 18, 289, 1411, '2017-05-05 07:52:06', '2017-05-05 07:52:06'),
(1245, 18, 289, 1412, '2017-05-05 07:52:26', '2017-05-05 07:52:26'),
(1246, 18, 290, 1413, '2017-05-05 07:52:44', '2017-05-05 07:52:44'),
(1247, 18, 290, 1414, '2017-05-05 07:53:01', '2017-05-05 07:53:01'),
(1248, 18, 290, 1415, '2017-05-05 07:53:21', '2017-05-05 07:53:21'),
(1249, 18, 290, 1416, '2017-05-05 07:53:37', '2017-05-05 07:53:37'),
(1250, 18, 290, 1417, '2017-05-05 07:53:57', '2017-05-05 07:53:57'),
(1251, 18, 290, 1418, '2017-05-05 07:54:13', '2017-05-05 07:54:13'),
(1252, 18, 290, 1419, '2017-05-05 07:54:40', '2017-05-05 07:54:40'),
(1253, 18, 290, 1420, '2017-05-05 07:55:05', '2017-05-05 07:55:05'),
(1254, 18, 290, 1421, '2017-05-05 07:55:20', '2017-05-05 07:55:20'),
(1255, 18, 290, 1422, '2017-05-05 07:55:34', '2017-05-05 07:55:34'),
(1256, 18, 290, 1423, '2017-05-05 07:55:52', '2017-05-05 07:55:52'),
(1257, 18, 291, 1424, '2017-05-05 07:56:12', '2017-05-05 07:56:12'),
(1258, 18, 291, 1425, '2017-05-05 07:56:27', '2017-05-05 07:56:27'),
(1259, 18, 291, 1426, '2017-05-05 07:56:41', '2017-05-05 07:56:41'),
(1260, 18, 291, 1427, '2017-05-05 07:56:58', '2017-05-05 07:56:58'),
(1261, 18, 291, 1428, '2017-05-05 07:57:24', '2017-05-05 07:57:24'),
(1262, 18, 291, 1429, '2017-05-05 07:57:54', '2017-05-05 07:57:54'),
(1263, 18, 291, 1430, '2017-05-05 07:58:08', '2017-05-05 07:58:08'),
(1264, 18, 291, 1431, '2017-05-05 07:58:33', '2017-05-05 07:58:33'),
(1265, 18, 291, 1432, '2017-05-05 07:58:59', '2017-05-05 07:58:59'),
(1266, 18, 292, 1433, '2017-05-05 07:59:17', '2017-05-05 07:59:17'),
(1267, 18, 292, 1434, '2017-05-05 07:59:31', '2017-05-05 07:59:31'),
(1268, 18, 292, 1435, '2017-05-05 07:59:47', '2017-05-05 07:59:47'),
(1269, 18, 292, 1436, '2017-05-05 08:00:11', '2017-05-05 08:00:11'),
(1270, 18, 292, 1437, '2017-05-05 08:00:35', '2017-05-05 08:00:35'),
(1271, 18, 292, 1438, '2017-05-05 08:00:57', '2017-05-05 08:00:57'),
(1272, 18, 293, 1439, '2017-05-05 08:02:20', '2017-05-05 08:02:20'),
(1273, 18, 293, 1440, '2017-05-05 08:02:59', '2017-05-05 08:02:59'),
(1274, 18, 293, 1441, '2017-05-05 08:03:33', '2017-05-05 08:03:33'),
(1275, 18, 293, 1442, '2017-05-05 08:04:04', '2017-05-05 08:04:04'),
(1276, 18, 293, 1443, '2017-05-05 08:04:36', '2017-05-05 08:04:36'),
(1277, 18, 293, 1444, '2017-05-05 08:05:26', '2017-05-05 08:05:26'),
(1278, 18, 293, 1445, '2017-05-05 08:06:00', '2017-05-05 08:06:00'),
(1279, 18, 293, 1446, '2017-05-05 08:06:36', '2017-05-05 08:06:36'),
(1280, 18, 295, 1447, '2017-05-05 08:08:00', '2017-05-05 08:08:00'),
(1281, 18, 295, 1448, '2017-05-05 08:08:36', '2017-05-05 08:08:36'),
(1282, 18, 295, 1449, '2017-05-05 08:09:14', '2017-05-05 08:09:14'),
(1283, 18, 295, 1450, '2017-05-05 08:09:36', '2017-05-05 08:09:36'),
(1284, 18, 295, 1451, '2017-05-05 08:10:35', '2017-05-05 08:10:35'),
(1285, 18, 295, 1452, '2017-05-05 08:11:13', '2017-05-05 08:11:13'),
(1286, 18, 295, 1453, '2017-05-05 08:12:07', '2017-05-05 08:12:07');

-- --------------------------------------------------------

--
-- Table structure for table `migrations`
--

CREATE TABLE `migrations` (
  `id` int(10) UNSIGNED NOT NULL,
  `migration` varchar(191) COLLATE utf8mb4_unicode_ci NOT NULL,
  `batch` int(11) NOT NULL
) ENGINE=InnoDB DEFAULT CHARSET=utf8mb4 COLLATE=utf8mb4_unicode_ci;

--
-- Dumping data for table `migrations`
--

INSERT INTO `migrations` (`id`, `migration`, `batch`) VALUES
(1, '2014_10_12_000000_create_users_table', 1),
(2, '2017_05_03_181449_create_atolls_table', 1),
(3, '2017_05_03_194603_create_islands_table', 1),
(4, '2017_05_04_112108_create_city_councils_table', 1),
(5, '2017_05_04_113529_create_atoll_councils_table', 1),
(6, '2017_05_04_130808_create_atoll_council_sections_table', 1),
(7, '2017_05_04_131920_create_atoll_council_section_ballot_boxes_table', 1),
(8, '2017_05_04_132248_create_atoll_council_section_ballot_box_details_table', 1),
(9, '2017_05_04_153158_create_atoll_council_section_candidates_table', 2),
(10, '2017_05_04_153252_create_political_parties_table', 2),
(11, '2017_05_04_153728_create_candidates_table', 2),
(12, '2017_05_04_164648_create_ballot_boxes_table', 3),
(13, '2017_05_04_164828_create_ballot_box_details_table', 3),
(14, '2017_05_04_171014_create_island_council_candidates_table', 4),
(15, '2017_05_05_122547_create_city_council_candidates_table', 5),
(16, '2017_05_05_142624_create_city_council_sections_table', 6);

-- --------------------------------------------------------

--
-- Table structure for table `political_parties`
--

CREATE TABLE `political_parties` (
  `id` int(10) UNSIGNED NOT NULL,
  `name` varchar(191) COLLATE utf8mb4_unicode_ci NOT NULL,
  `created_at` timestamp NULL DEFAULT NULL,
  `updated_at` timestamp NULL DEFAULT NULL
) ENGINE=InnoDB DEFAULT CHARSET=utf8mb4 COLLATE=utf8mb4_unicode_ci;

--
-- Dumping data for table `political_parties`
--

INSERT INTO `political_parties` (`id`, `name`, `created_at`, `updated_at`) VALUES
(1, 'MDP', NULL, NULL),
(2, 'PPM', NULL, NULL),
(3, 'JP', NULL, NULL),
(4, 'Adhaalath', NULL, NULL),
(5, 'MDA', NULL, NULL),
(6, 'Independent', NULL, NULL),
(7, 'DRP', NULL, NULL);

-- --------------------------------------------------------

--
-- Table structure for table `users`
--

CREATE TABLE `users` (
  `id` int(10) UNSIGNED NOT NULL,
  `name` varchar(191) COLLATE utf8mb4_unicode_ci NOT NULL,
  `email` varchar(191) COLLATE utf8mb4_unicode_ci NOT NULL,
  `password` varchar(191) COLLATE utf8mb4_unicode_ci NOT NULL,
  `remember_token` varchar(100) COLLATE utf8mb4_unicode_ci DEFAULT NULL,
  `created_at` timestamp NULL DEFAULT NULL,
  `updated_at` timestamp NULL DEFAULT NULL
) ENGINE=InnoDB DEFAULT CHARSET=utf8mb4 COLLATE=utf8mb4_unicode_ci;

--
-- Indexes for dumped tables
--

--
-- Indexes for table `atolls`
--
ALTER TABLE `atolls`
  ADD PRIMARY KEY (`id`);

--
-- Indexes for table `atoll_councils`
--
ALTER TABLE `atoll_councils`
  ADD PRIMARY KEY (`id`);

--
-- Indexes for table `atoll_council_sections`
--
ALTER TABLE `atoll_council_sections`
  ADD PRIMARY KEY (`id`);

--
-- Indexes for table `atoll_council_section_ballot_boxes`
--
ALTER TABLE `atoll_council_section_ballot_boxes`
  ADD PRIMARY KEY (`id`);

--
-- Indexes for table `atoll_council_section_ballot_box_details`
--
ALTER TABLE `atoll_council_section_ballot_box_details`
  ADD PRIMARY KEY (`id`);

--
-- Indexes for table `atoll_council_section_candidates`
--
ALTER TABLE `atoll_council_section_candidates`
  ADD PRIMARY KEY (`id`);

--
-- Indexes for table `ballot_boxes`
--
ALTER TABLE `ballot_boxes`
  ADD PRIMARY KEY (`id`);

--
-- Indexes for table `ballot_box_details`
--
ALTER TABLE `ballot_box_details`
  ADD PRIMARY KEY (`id`);

--
-- Indexes for table `candidates`
--
ALTER TABLE `candidates`
  ADD PRIMARY KEY (`id`);

--
-- Indexes for table `city_councils`
--
ALTER TABLE `city_councils`
  ADD PRIMARY KEY (`id`);

--
-- Indexes for table `city_council_candidates`
--
ALTER TABLE `city_council_candidates`
  ADD PRIMARY KEY (`id`);

--
-- Indexes for table `city_council_sections`
--
ALTER TABLE `city_council_sections`
  ADD PRIMARY KEY (`id`);

--
-- Indexes for table `islands`
--
ALTER TABLE `islands`
  ADD PRIMARY KEY (`id`);

--
-- Indexes for table `island_council_candidates`
--
ALTER TABLE `island_council_candidates`
  ADD PRIMARY KEY (`id`);

--
-- Indexes for table `migrations`
--
ALTER TABLE `migrations`
  ADD PRIMARY KEY (`id`);

--
-- Indexes for table `political_parties`
--
ALTER TABLE `political_parties`
  ADD PRIMARY KEY (`id`);

--
-- Indexes for table `users`
--
ALTER TABLE `users`
  ADD PRIMARY KEY (`id`),
  ADD UNIQUE KEY `users_email_unique` (`email`);

--
-- AUTO_INCREMENT for dumped tables
--

--
-- AUTO_INCREMENT for table `atolls`
--
ALTER TABLE `atolls`
  MODIFY `id` int(10) UNSIGNED NOT NULL AUTO_INCREMENT, AUTO_INCREMENT=22;
--
-- AUTO_INCREMENT for table `atoll_councils`
--
ALTER TABLE `atoll_councils`
  MODIFY `id` int(10) UNSIGNED NOT NULL AUTO_INCREMENT, AUTO_INCREMENT=22;
--
-- AUTO_INCREMENT for table `atoll_council_sections`
--
ALTER TABLE `atoll_council_sections`
  MODIFY `id` int(10) UNSIGNED NOT NULL AUTO_INCREMENT, AUTO_INCREMENT=61;
--
-- AUTO_INCREMENT for table `atoll_council_section_ballot_boxes`
--
ALTER TABLE `atoll_council_section_ballot_boxes`
  MODIFY `id` int(10) UNSIGNED NOT NULL AUTO_INCREMENT;
--
-- AUTO_INCREMENT for table `atoll_council_section_ballot_box_details`
--
ALTER TABLE `atoll_council_section_ballot_box_details`
  MODIFY `id` int(10) UNSIGNED NOT NULL AUTO_INCREMENT;
--
-- AUTO_INCREMENT for table `atoll_council_section_candidates`
--
ALTER TABLE `atoll_council_section_candidates`
  MODIFY `id` int(10) UNSIGNED NOT NULL AUTO_INCREMENT, AUTO_INCREMENT=165;
--
-- AUTO_INCREMENT for table `ballot_boxes`
--
ALTER TABLE `ballot_boxes`
  MODIFY `id` int(10) UNSIGNED NOT NULL AUTO_INCREMENT, AUTO_INCREMENT=5;
--
-- AUTO_INCREMENT for table `ballot_box_details`
--
ALTER TABLE `ballot_box_details`
  MODIFY `id` int(10) UNSIGNED NOT NULL AUTO_INCREMENT, AUTO_INCREMENT=101;
--
-- AUTO_INCREMENT for table `candidates`
--
ALTER TABLE `candidates`
  MODIFY `id` int(10) UNSIGNED NOT NULL AUTO_INCREMENT, AUTO_INCREMENT=1454;
--
-- AUTO_INCREMENT for table `city_councils`
--
ALTER TABLE `city_councils`
  MODIFY `id` int(10) UNSIGNED NOT NULL AUTO_INCREMENT, AUTO_INCREMENT=4;
--
-- AUTO_INCREMENT for table `city_council_candidates`
--
ALTER TABLE `city_council_candidates`
  MODIFY `id` int(10) UNSIGNED NOT NULL AUTO_INCREMENT;
--
-- AUTO_INCREMENT for table `city_council_sections`
--
ALTER TABLE `city_council_sections`
  MODIFY `id` int(10) UNSIGNED NOT NULL AUTO_INCREMENT, AUTO_INCREMENT=4;
--
-- AUTO_INCREMENT for table `islands`
--
ALTER TABLE `islands`
  MODIFY `id` int(10) UNSIGNED NOT NULL AUTO_INCREMENT, AUTO_INCREMENT=307;
--
-- AUTO_INCREMENT for table `island_council_candidates`
--
ALTER TABLE `island_council_candidates`
  MODIFY `id` int(10) UNSIGNED NOT NULL AUTO_INCREMENT, AUTO_INCREMENT=1287;
--
-- AUTO_INCREMENT for table `migrations`
--
ALTER TABLE `migrations`
  MODIFY `id` int(10) UNSIGNED NOT NULL AUTO_INCREMENT, AUTO_INCREMENT=17;
--
-- AUTO_INCREMENT for table `political_parties`
--
ALTER TABLE `political_parties`
  MODIFY `id` int(10) UNSIGNED NOT NULL AUTO_INCREMENT, AUTO_INCREMENT=8;
--
-- AUTO_INCREMENT for table `users`
--
ALTER TABLE `users`
  MODIFY `id` int(10) UNSIGNED NOT NULL AUTO_INCREMENT;
/*!40101 SET CHARACTER_SET_CLIENT=@OLD_CHARACTER_SET_CLIENT */;
/*!40101 SET CHARACTER_SET_RESULTS=@OLD_CHARACTER_SET_RESULTS */;
/*!40101 SET COLLATION_CONNECTION=@OLD_COLLATION_CONNECTION */;
